timestamp,totalCpuUsage,appUsage,core0_enabled,core1_enabled,core2_enabled,core3_enabled,core4_enabled,core5_enabled,core6_enabled,core7_enabled,core0,core1,core2,core3,core4,core5,core6,core7
764,15.26639,0.0,true,true,true,true,false,false,false,false,1240956.5,1225272.8,1225272.8,1225272.8,0.0,0.0,0.0,0.0
964,11.00348,0.0,true,true,true,true,false,false,false,false,1452750.0,1452750.0,1452750.0,1452750.0,0.0,0.0,0.0,0.0
1164,17.30608,0.0,true,true,true,true,false,false,false,false,1213473.6,1213473.6,1213473.6,1213473.6,0.0,0.0,0.0,0.0
1364,4.01472,4.77409,true,true,true,true,false,false,false,false,1552200.0,1552200.0,1552200.0,1552200.0,0.0,0.0,0.0,0.0
1564,13.59087,0.0,true,true,true,true,false,false,false,false,891428.56,891428.56,891428.56,891428.56,0.0,0.0,0.0,0.0
1764,11.29994,0.37063,true,true,true,true,false,false,false,false,968761.9,968761.9,968761.9,996818.2,0.0,0.0,0.0,0.0
1964,15.4918,10.625,true,true,true,true,false,false,false,false,1586000.0,1586000.0,1586000.0,1586000.0,0.0,0.0,0.0,0.0
2164,35.25641,16.66667,true,true,true,true,false,false,false,false,1586000.0,1586000.0,1586000.0,1586000.0,0.0,0.0,0.0,0.0
2364,11.86011,12.04918,true,true,true,true,false,false,false,false,1528800.0,1528800.0,1528800.0,1528800.0,0.0,0.0,0.0,0.0
2565,32.5,12.32721,true,true,true,true,false,false,false,false,1189350.0,1189350.0,1189350.0,1189350.0,0.0,0.0,0.0,0.0
2765,18.97904,10.7574,true,true,true,true,false,false,false,false,985760.0,985760.0,985760.0,985760.0,0.0,0.0,0.0,0.0
2965,34.4392,11.72235,true,true,true,true,false,false,false,false,1398800.0,1398800.0,1398800.0,1398800.0,0.0,0.0,0.0,0.0
3165,16.4959,11.89718,true,true,true,true,false,false,false,false,1569100.0,1569100.0,1569100.0,1569100.0,0.0,0.0,0.0,0.0
3366,13.94477,10.60451,true,true,true,true,false,false,false,false,1495000.0,1495000.0,1495000.0,1495000.0,0.0,0.0,0.0,0.0
3566,12.25568,10.29477,true,true,true,true,false,false,false,false,1212900.0,1212900.0,1212900.0,1212900.0,0.0,0.0,0.0,0.0
3766,15.17252,10.30756,true,true,true,true,false,false,false,false,1035360.0,1035360.0,1035360.0,1035360.0,0.0,0.0,0.0,0.0
3966,26.92308,10.11501,true,true,true,true,false,false,false,false,1109600.0,1109600.0,1109600.0,1109600.0,0.0,0.0,0.0,0.0
4166,10.25536,9.36359,true,true,true,true,false,false,false,false,1074904.8,1074904.8,1074904.8,1074904.8,0.0,0.0,0.0,0.0
4366,11.596,10.44845,true,true,true,true,false,false,false,false,1395473.6,1395473.6,1395473.6,1395473.6,0.0,0.0,0.0,0.0
4567,24.19642,10.89744,true,true,true,true,false,false,false,false,1586000.0,1586000.0,1586000.0,1586000.0,0.0,0.0,0.0,0.0
4767,15.14279,9.72034,true,true,true,true,false,false,false,false,1282000.0,1282000.0,1282000.0,1282000.0,0.0,0.0,0.0,0.0
4967,10.30044,9.93746,true,true,true,true,false,false,false,false,1215833.4,1215833.4,1215833.4,1215833.4,0.0,0.0,0.0,0.0
5168,12.01451,9.36404,true,true,true,true,false,false,false,false,1138210.5,1138210.5,1148900.0,1148900.0,0.0,0.0,0.0,0.0
5368,12.27832,9.92503,true,true,true,true,false,false,false,false,1277714.2,1277714.2,1274000.0,1274000.0,0.0,0.0,0.0,0.0
5568,18.87151,10.54584,true,true,true,true,false,false,false,false,1277526.4,1277526.4,1292950.0,1292950.0,0.0,0.0,0.0,0.0
5768,12.95619,10.25641,true,true,true,true,false,false,false,false,1586000.0,1586000.0,1586000.0,1586000.0,0.0,0.0,0.0,0.0
5969,32.0009,9.71714,true,true,true,true,false,false,false,false,1352777.8,1352777.8,1352777.8,1352777.8,0.0,0.0,0.0,0.0
6169,20.51282,10.10555,true,true,true,true,false,false,false,false,1300000.0,1300000.0,1300000.0,1300000.0,0.0,0.0,0.0,0.0
6370,27.10844,10.24096,true,true,true,true,false,false,false,false,1586000.0,1586000.0,1586000.0,1586000.0,0.0,0.0,0.0,0.0
6570,22.46292,9.54674,true,true,true,true,false,false,false,false,1496300.0,1496300.0,1496300.0,1496300.0,0.0,0.0,0.0,0.0
6770,15.98026,9.20075,true,true,true,true,false,false,false,false,1228833.4,1228833.4,1228833.4,1228833.4,0.0,0.0,0.0,0.0
6970,12.65823,9.87654,true,true,true,true,false,false,false,false,1586000.0,1586000.0,1586000.0,1586000.0,0.0,0.0,0.0,0.0
7170,26.54321,10.12658,true,true,true,true,false,false,false,false,1586000.0,1586000.0,1586000.0,1586000.0,0.0,0.0,0.0,0.0
7370,11.2204,9.35033,true,true,true,true,false,false,false,false,1201200.0,1201200.0,1201200.0,1201200.0,0.0,0.0,0.0,0.0
7571,12.90646,8.75796,true,true,true,true,false,false,false,false,1242800.0,1242800.0,1242800.0,1242800.0,0.0,0.0,0.0,0.0
7771,13.0509,10.00569,true,true,true,true,false,false,false,false,1076333.4,1076333.4,1076333.4,1076333.4,0.0,0.0,0.0,0.0
7971,15.49484,9.62925,true,true,true,true,false,false,false,false,1178125.0,1178125.0,1178125.0,1178125.0,0.0,0.0,0.0,0.0
8171,15.14268,10.25316,true,true,true,true,false,false,false,false,1427400.0,1427400.0,1427400.0,1427400.0,0.0,0.0,0.0,0.0
8371,15.59022,9.92107,true,true,true,true,false,false,false,false,1341600.0,1341600.0,1341600.0,1341600.0,0.0,0.0,0.0,0.0
8571,23.92405,9.61749,true,true,true,true,false,false,false,false,1372800.0,1372800.0,1372800.0,1372800.0,0.0,0.0,0.0,0.0
8771,21.54107,10.17419,true,true,true,true,false,false,false,false,1129538.5,1129538.5,1129538.5,1129538.5,0.0,0.0,0.0,0.0
8971,14.33636,12.82051,true,true,true,true,false,false,false,false,1586000.0,1586000.0,1586000.0,1586000.0,0.0,0.0,0.0,0.0
9171,28.20513,8.65949,true,true,true,true,false,false,false,false,1171000.0,1171000.0,1171000.0,1171000.0,0.0,0.0,0.0,0.0
9371,11.39406,9.98245,true,true,true,true,false,false,false,false,1349900.0,1349900.0,1349900.0,1349900.0,0.0,0.0,0.0,0.0
9572,17.76316,10.52632,true,true,true,true,false,false,false,false,1586000.0,1586000.0,1586000.0,1586000.0,0.0,0.0,0.0,0.0
9772,21.41236,10.03879,true,true,true,true,false,false,false,false,1362173.9,1362173.9,1362173.9,1362173.9,0.0,0.0,0.0,0.0
9972,14.19646,9.80135,true,true,true,true,false,false,false,false,1110353.0,1110353.0,1110353.0,1110353.0,0.0,0.0,0.0,0.0
10173,10.03879,8.17253,true,true,true,true,false,false,false,false,1105150.0,1105150.0,1105150.0,1105150.0,0.0,0.0,0.0,0.0
10373,12.13501,10.51589,true,true,true,true,false,false,false,false,1300900.0,1300900.0,1300900.0,1300900.0,0.0,0.0,0.0,0.0
10573,10.75333,10.11139,true,true,true,true,false,false,false,false,1471600.0,1471600.0,1471600.0,1471600.0,0.0,0.0,0.0,0.0
10773,21.32793,8.98018,true,true,true,true,false,false,false,false,1477666.6,1477666.6,1477666.6,1477666.6,0.0,0.0,0.0,0.0
10973,12.32253,9.95281,true,true,true,true,false,false,false,false,1134250.0,1134250.0,1134250.0,1107294.1,0.0,0.0,0.0,0.0
11174,13.00087,9.63028,true,true,true,true,false,false,false,false,1214800.0,1214800.0,1214800.0,1243157.9,0.0,0.0,0.0,0.0
11374,10.90772,10.24044,true,true,true,true,false,false,false,false,1333500.0,1333500.0,1333500.0,1333500.0,0.0,0.0,0.0,0.0
11574,11.85736,8.88778,true,true,true,true,false,false,false,false,1012350.0,1012350.0,1012350.0,1012350.0,0.0,0.0,0.0,0.0
11775,17.17546,10.92984,true,true,true,true,false,false,false,false,1337250.0,1337250.0,1337250.0,1337250.0,0.0,0.0,0.0,0.0
11975,9.11988,10.625,true,true,true,true,false,false,false,false,1586000.0,1586000.0,1586000.0,1586000.0,0.0,0.0,0.0,0.0
12175,14.84342,9.89561,true,true,true,true,false,false,false,false,1271250.0,1271250.0,1271250.0,1271250.0,0.0,0.0,0.0,0.0
12376,38.125,9.11988,true,true,true,true,false,false,false,false,986190.5,986190.5,986190.5,986190.5,0.0,0.0,0.0,0.0
12576,11.10284,9.39471,true,true,true,true,false,false,false,false,1034421.06,1027800.0,1027800.0,1027800.0,0.0,0.0,0.0,0.0
12776,12.11022,8.88083,true,true,true,true,false,false,false,false,1033230.75,1038480.0,1038480.0,1038480.0,0.0,0.0,0.0,0.0
12976,17.13456,10.58311,true,true,true,true,false,false,false,false,1262857.1,1262857.1,1262857.1,1262857.1,0.0,0.0,0.0,0.0
13176,21.93716,10.65519,true,true,true,true,false,false,false,false,1491100.0,1491100.0,1491100.0,1491100.0,0.0,0.0,0.0,0.0
13377,16.17891,9.82291,true,true,true,true,false,false,false,false,1484600.0,1484600.0,1484600.0,1484600.0,0.0,0.0,0.0,0.0
13578,11.30509,10.22841,true,true,true,true,false,false,false,false,1314857.1,1314857.1,1314857.1,1314857.1,0.0,0.0,0.0,0.0
13779,21.34146,8.71207,true,true,true,true,false,false,false,false,1207200.0,1207200.0,1207200.0,1207200.0,0.0,0.0,0.0,0.0
13980,16.71402,11.3224,true,true,true,true,false,false,false,false,1282666.6,1282666.6,1282666.6,1282666.6,0.0,0.0,0.0,0.0
14180,13.29738,10.26853,true,true,true,true,false,false,false,false,1354300.0,1354300.0,1354300.0,1354300.0,0.0,0.0,0.0,0.0
14380,24.3202,10.36585,true,true,true,true,false,false,false,false,1586000.0,1586000.0,1586000.0,1586000.0,0.0,0.0,0.0,0.0
14581,19.40624,9.70312,true,true,true,true,false,false,false,false,1484600.0,1484600.0,1484600.0,1484600.0,0.0,0.0,0.0,0.0
14781,12.56036,9.31898,true,true,true,true,false,false,false,false,1028166.7,1028166.7,1028166.7,1028166.7,0.0,0.0,0.0,0.0
14982,15.24931,11.0426,true,true,true,true,false,false,false,false,1317687.5,1317687.5,1317687.5,1317687.5,0.0,0.0,0.0,0.0
15183,21.72876,10.58122,true,true,true,true,false,false,false,false,1292200.0,1292200.0,1292200.0,1292200.0,0.0,0.0,0.0,0.0
15383,14.81371,11.46796,true,true,true,true,false,false,false,false,1474200.0,1474200.0,1474200.0,1474200.0,0.0,0.0,0.0,0.0
15583,22.14614,10.01849,true,true,true,true,false,false,false,false,1371500.0,1371500.0,1371500.0,1371500.0,0.0,0.0,0.0,0.0
15783,14.29447,10.12658,true,true,true,true,false,false,false,false,1586000.0,1586000.0,1586000.0,1586000.0,0.0,0.0,0.0,0.0
15983,13.76274,10.00613,true,true,true,true,false,false,false,false,1224235.2,1224235.2,1224235.2,1224235.2,0.0,0.0,0.0,0.0
16183,11.5029,10.98901,true,true,true,true,false,false,false,false,1220000.0,1220000.0,1220000.0,1220000.0,0.0,0.0,0.0,0.0
16384,11.98801,10.12255,true,true,true,true,false,false,false,false,1138400.0,1138400.0,1138400.0,1138400.0,0.0,0.0,0.0,0.0
16584,23.41772,11.5607,true,true,true,true,false,false,false,false,1292200.0,1292200.0,1292200.0,1292200.0,0.0,0.0,0.0,0.0
16784,23.04654,11.81874,true,true,true,true,false,false,false,false,1424583.4,1424583.4,1424583.4,1424583.4,0.0,0.0,0.0,0.0
16984,33.97436,11.53846,true,true,true,true,false,false,false,false,1586000.0,1586000.0,1586000.0,1586000.0,0.0,0.0,0.0,0.0
17185,10.38659,9.83992,true,true,true,true,false,false,false,false,1317850.0,1317850.0,1317850.0,1317850.0,0.0,0.0,0.0,0.0
17385,12.51572,10.35784,true,true,true,true,false,false,false,false,1054100.0,1054100.0,1054100.0,1054100.0,0.0,0.0,0.0,0.0
17585,12.76198,10.20959,true,true,true,true,false,false,false,false,1279200.0,1279200.0,1279200.0,1279200.0,0.0,0.0,0.0,0.0
17786,25.43261,10.49256,true,true,true,true,false,false,false,false,1283750.0,1283750.0,1283750.0,1283750.0,0.0,0.0,0.0,0.0
17987,16.51795,10.8399,true,true,true,true,false,false,false,false,1293500.0,1293500.0,1293500.0,1293500.0,0.0,0.0,0.0,0.0
18187,12.49114,10.73821,true,true,true,true,false,false,false,false,1452100.0,1452100.0,1452100.0,1452100.0,0.0,0.0,0.0,0.0
18387,12.31085,10.89744,true,true,true,true,false,false,false,false,1586000.0,1586000.0,1586000.0,1586000.0,0.0,0.0,0.0,0.0
18587,17.94872,10.63209,true,true,true,true,false,false,false,false,1384500.0,1384500.0,1384500.0,1384500.0,0.0,0.0,0.0,0.0
18787,17.78033,10.78009,true,true,true,true,false,false,false,false,1333583.4,1333583.4,1333583.4,1333583.4,0.0,0.0,0.0,0.0
18988,19.77971,9.33467,true,true,true,true,false,false,false,false,1248000.0,1248000.0,1261764.8,1261764.8,0.0,0.0,0.0,0.0
19188,14.01412,9.01019,true,true,true,true,false,false,false,false,1151476.2,1151476.2,1134950.0,1134950.0,0.0,0.0,0.0,0.0
19388,13.30076,10.65061,true,true,true,true,false,false,false,false,1287000.0,1287000.0,1287000.0,1287000.0,0.0,0.0,0.0,0.0
19589,21.51899,11.39241,true,true,true,true,false,false,false,false,1586000.0,1586000.0,1586000.0,1586000.0,0.0,0.0,0.0,0.0
19790,13.37054,9.68212,true,true,true,true,false,false,false,false,1225120.0,1210083.4,1210083.4,1210083.4,0.0,0.0,0.0,0.0
19990,11.46663,10.89011,true,true,true,true,false,false,false,false,1256125.0,1256125.0,1256125.0,1256125.0,0.0,0.0,0.0,0.0
20190,15.15343,10.0333,true,true,true,true,false,false,false,false,1197250.0,1197250.0,1197250.0,1197250.0,0.0,0.0,0.0,0.0
20391,17.82018,9.95797,true,true,true,true,false,false,false,false,1071200.0,1071200.0,1071200.0,1071200.0,0.0,0.0,0.0,0.0
20591,20.49259,10.48458,true,true,true,true,false,false,false,false,1300050.0,1300050.0,1300050.0,1300050.0,0.0,0.0,0.0,0.0
20791,12.85246,10.49383,true,true,true,true,false,false,false,false,1586000.0,1586000.0,1586000.0,1586000.0,0.0,0.0,0.0,0.0
20991,11.66276,11.86114,true,true,true,true,false,false,false,false,1567647.0,1567647.0,1567647.0,1567647.0,0.0,0.0,0.0,0.0
21192,13.50357,10.20492,true,true,true,true,false,false,false,false,1186900.0,1186900.0,1186900.0,1186900.0,0.0,0.0,0.0,0.0
21392,13.83799,10.80286,true,true,true,true,false,false,false,false,1336400.0,1336400.0,1336400.0,1336400.0,0.0,0.0,0.0,0.0
21592,26.54321,10.09836,true,true,true,true,false,false,false,false,1164800.0,1164800.0,1164800.0,1164800.0,0.0,0.0,0.0,0.0
21793,12.08394,9.81178,true,true,true,true,false,false,false,false,1260480.0,1260480.0,1260480.0,1260480.0,0.0,0.0,0.0,0.0
21993,28.81839,12.60805,true,true,true,true,false,false,false,false,1466400.0,1466400.0,1466400.0,1466400.0,0.0,0.0,0.0,0.0
22193,12.1021,11.68831,true,true,true,true,false,false,false,false,1586000.0,1586000.0,1586000.0,1586000.0,0.0,0.0,0.0,0.0
22394,14.22708,10.22487,true,true,true,true,false,false,false,false,1164650.0,1164650.0,1164650.0,1164650.0,0.0,0.0,0.0,0.0
22595,16.23377,10.58933,true,true,true,true,false,false,false,false,1263600.0,1263600.0,1263600.0,1263600.0,0.0,0.0,0.0,0.0
22795,21.90703,11.31001,true,true,true,true,false,false,false,false,1154250.0,1154250.0,1154250.0,1154250.0,0.0,0.0,0.0,0.0
22996,14.83505,9.7355,true,true,true,true,false,false,false,false,1191125.0,1191125.0,1191125.0,1191125.0,0.0,0.0,0.0,0.0
23197,12.78522,11.56205,true,true,true,true,false,false,false,false,1524900.0,1524900.0,1524900.0,1524900.0,0.0,0.0,0.0,0.0
23397,19.87952,10.24096,true,true,true,true,false,false,false,false,1586000.0,1586000.0,1586000.0,1586000.0,0.0,0.0,0.0,0.0
23597,12.56605,10.55548,true,true,true,true,false,false,false,false,1259700.0,1259700.0,1259700.0,1259142.9,0.0,0.0,0.0,0.0
23798,22.3222,11.58305,true,true,true,true,false,false,false,false,1285541.6,1285541.6,1285541.6,1287173.9,0.0,0.0,0.0,0.0
23998,14.21556,11.46275,true,true,true,true,false,false,false,false,1530941.1,1530941.1,1530941.1,1530941.1,0.0,0.0,0.0,0.0
24198,19.82087,9.85683,true,true,true,true,false,false,false,false,1295300.0,1295300.0,1295300.0,1295300.0,0.0,0.0,0.0,0.0
24398,15.01993,10.95364,true,true,true,true,false,false,false,false,1290526.4,1290526.4,1290526.4,1290526.4,0.0,0.0,0.0,0.0
24598,23.86364,9.65909,true,true,true,true,false,false,false,false,1586000.0,1586000.0,1586000.0,1586000.0,0.0,0.0,0.0,0.0
24799,12.46896,10.62171,true,true,true,true,false,false,false,false,1098653.9,1098653.9,1098653.9,1098653.9,0.0,0.0,0.0,0.0
24999,18.7541,11.06011,true,true,true,true,false,false,false,false,1296533.4,1296533.4,1296533.4,1296533.4,0.0,0.0,0.0,0.0
25199,10.71932,9.52828,true,true,true,true,false,false,false,false,1020050.0,1020050.0,1020050.0,1020050.0,0.0,0.0,0.0,0.0
25399,16.49398,9.99635,true,true,true,true,false,false,false,false,1315900.0,1315900.0,1315900.0,1315900.0,0.0,0.0,0.0,0.0
25599,11.28599,8.06142,true,true,true,true,false,false,false,false,920550.0,920550.0,920550.0,920550.0,0.0,0.0,0.0,0.0
25799,30.22694,12.33753,true,true,true,true,false,false,false,false,1545818.1,1545818.1,1545818.1,1545818.1,0.0,0.0,0.0,0.0
25999,16.75774,10.47359,true,true,true,true,false,false,false,false,1362111.1,1362111.1,1362111.1,1362111.1,0.0,0.0,0.0,0.0
26199,11.39265,9.56983,true,true,true,true,false,false,false,false,1156400.0,1156400.0,1156400.0,1156400.0,0.0,0.0,0.0,0.0
26399,11.80425,10.32872,true,true,true,true,false,false,false,false,1216900.0,1216900.0,1216900.0,1216900.0,0.0,0.0,0.0,0.0
26600,12.93379,11.38173,true,true,true,true,false,false,false,false,1263600.0,1263600.0,1263600.0,1263600.0,0.0,0.0,0.0,0.0
26801,15.57903,8.35747,true,true,true,true,false,false,false,false,982791.7,982791.7,993400.0,993400.0,0.0,0.0,0.0,0.0
27001,28.91617,11.94363,true,true,true,true,false,false,false,false,1545375.0,1545375.0,1565200.0,1565200.0,0.0,0.0,0.0,0.0
27201,13.94809,11.84006,true,true,true,true,false,false,false,false,1541800.0,1541800.0,1541800.0,1541800.0,0.0,0.0,0.0,0.0
27401,14.16211,11.26576,true,true,true,true,false,false,false,false,1327300.0,1327300.0,1327300.0,1327300.0,0.0,0.0,0.0,0.0
27601,12.5362,10.85762,true,true,true,true,false,false,false,false,1212900.0,1212900.0,1212900.0,1212900.0,0.0,0.0,0.0,0.0
27801,11.32882,10.35418,true,true,true,true,false,false,false,false,1330160.0,1330160.0,1330160.0,1330160.0,0.0,0.0,0.0,0.0
28002,21.24744,11.05812,true,true,true,true,false,false,false,false,1286133.4,1286133.4,1286133.4,1286133.4,0.0,0.0,0.0,0.0
28202,15.79732,11.73851,true,true,true,true,false,false,false,false,1508000.0,1508000.0,1508000.0,1508000.0,0.0,0.0,0.0,0.0
28402,13.97814,11.53432,true,true,true,true,false,false,false,false,1540500.0,1540500.0,1540500.0,1540500.0,0.0,0.0,0.0,0.0
28602,22.8901,9.58592,true,true,true,true,false,false,false,false,1078050.0,1078050.0,1078050.0,1078050.0,0.0,0.0,0.0,0.0
28802,34.57553,11.51316,true,true,true,true,false,false,false,false,1321666.6,1321666.6,1321666.6,1321666.6,0.0,0.0,0.0,0.0
29002,12.91762,11.58889,true,true,true,true,false,false,false,false,1382875.0,1382875.0,1382875.0,1382875.0,0.0,0.0,0.0,0.0
29203,13.70614,11.3675,true,true,true,true,false,false,false,false,1294800.0,1294800.0,1294800.0,1294800.0,0.0,0.0,0.0,0.0
29404,0.0,11.71106,true,true,true,true,false,false,false,false,1485900.0,1485900.0,1485900.0,1485900.0,0.0,0.0,0.0,0.0
29604,17.10741,0.0,true,true,true,true,false,false,false,false,1586000.0,1586000.0,1586000.0,1586000.0,0.0,0.0,0.0,0.0
29804,16.69751,9.98746,true,true,true,true,true,true,true,true,1007846.1,1007846.1,1007846.1,1007846.1,1077769.2,1077769.2,1077769.2,1077769.2
30004,12.06818,11.98796,true,true,true,true,true,true,true,true,947142.9,947142.9,947142.9,947142.9,1157857.1,1157857.1,1157857.1,1157857.1
30204,23.53364,9.2651,true,true,true,true,true,true,true,true,730400.0,730400.0,721619.06,721619.06,1344571.4,1344571.4,1344571.4,1344571.4
30409,0.20227,0.00166,true,true,true,true,false,false,false,false,820666.7,820666.7,834400.0,834400.0,0.0,0.0,0.0,0.0
30609,10.10738,12.08484,true,true,true,true,false,false,false,false,1553500.0,1553500.0,1553500.0,1553500.0,0.0,0.0,0.0,0.0
30809,27.5,11.875,true,true,true,true,false,false,false,false,1586000.0,1586000.0,1586000.0,1586000.0,0.0,0.0,0.0,0.0
31009,21.08286,11.7816,true,true,true,true,false,false,false,false,1534187.5,1534187.5,1534187.5,1534187.5,0.0,0.0,0.0,0.0
31209,11.76661,11.48145,true,true,true,true,false,false,false,false,1219250.0,1219250.0,1219250.0,1219250.0,0.0,0.0,0.0,0.0
31409,12.97903,11.76661,true,true,true,true,false,false,false,false,1418300.0,1418300.0,1418300.0,1418300.0,0.0,0.0,0.0,0.0
31609,11.94781,10.45434,true,true,true,true,false,false,false,false,1231700.0,1231700.0,1231700.0,1231700.0,0.0,0.0,0.0,0.0
31810,16.32251,10.42827,true,true,true,true,false,false,false,false,1208083.4,1208083.4,1208083.4,1208083.4,0.0,0.0,0.0,0.0
32010,18.66667,13.14735,true,true,true,true,false,false,false,false,1529125.0,1529125.0,1529125.0,1529125.0,0.0,0.0,0.0,0.0
32210,12.44138,12.66667,true,true,true,true,false,false,false,false,1586000.0,1586000.0,1586000.0,1586000.0,0.0,0.0,0.0,0.0
32410,26.29471,11.25648,true,true,true,true,false,false,false,false,1484600.0,1484600.0,1484600.0,1484600.0,0.0,0.0,0.0,0.0
32610,13.08941,12.11982,true,true,true,true,false,false,false,false,1168700.0,1168700.0,1168700.0,1168700.0,0.0,0.0,0.0,0.0
32810,16.07525,10.71683,true,true,true,true,false,false,false,false,1427739.1,1427739.1,1427739.1,1427739.1,0.0,0.0,0.0,0.0
33011,20.58841,12.01233,true,true,true,true,false,false,false,false,1543176.5,1543176.5,1543176.5,1543176.5,0.0,0.0,0.0,0.0
33211,18.0185,11.08606,true,true,true,true,false,false,false,false,1406600.0,1406600.0,1406600.0,1406600.0,0.0,0.0,0.0,0.0
33411,24.07407,12.34568,true,true,true,true,false,false,false,false,1586000.0,1586000.0,1586000.0,1586000.0,0.0,0.0,0.0,0.0
33612,15.35986,11.22451,true,true,true,true,false,false,false,false,1536600.0,1536600.0,1536600.0,1536600.0,0.0,0.0,0.0,0.0
33812,15.80846,10.3488,true,true,true,true,false,false,false,false,1208608.8,1208608.8,1208608.8,1208608.8,0.0,0.0,0.0,0.0
34012,14.11201,12.78651,true,true,true,true,false,false,false,false,1506470.6,1506470.6,1506470.6,1506470.6,0.0,0.0,0.0,0.0
34213,16.43981,12.34327,true,true,true,true,false,false,false,false,1259700.0,1259700.0,1259700.0,1259700.0,0.0,0.0,0.0,0.0
34414,12.87993,10.53898,true,true,true,true,false,false,false,false,1353900.0,1353900.0,1353900.0,1353900.0,0.0,0.0,0.0,0.0
34614,27.52913,11.37073,true,true,true,true,false,false,false,false,1575600.0,1575600.0,1575600.0,1575600.0,0.0,0.0,0.0,0.0
34815,12.27637,12.89019,true,true,true,true,false,false,false,false,1421333.4,1421333.4,1421333.4,1421333.4,0.0,0.0,0.0,0.0
35016,21.3036,13.01886,true,true,true,true,false,false,false,false,1464125.0,1464125.0,1464125.0,1464125.0,0.0,0.0,0.0,0.0
35216,13.19241,11.9931,true,true,true,true,false,false,false,false,1445600.0,1445600.0,1445600.0,1445600.0,0.0,0.0,0.0,0.0
35416,14.90791,11.82352,true,true,true,true,false,false,false,false,1320800.0,1320800.0,1320800.0,1320800.0,0.0,0.0,0.0,0.0
35616,14.55349,12.87425,true,true,true,true,false,false,false,false,1349400.0,1349400.0,1349400.0,1349400.0,0.0,0.0,0.0,0.0
35816,21.02052,13.78164,true,true,true,true,false,false,false,false,1510166.6,1510166.6,1510166.6,1510166.6,0.0,0.0,0.0,0.0
36016,14.54947,13.06681,true,true,true,true,false,false,false,false,1405625.0,1405625.0,1405625.0,1405625.0,0.0,0.0,0.0,0.0
36217,12.71936,11.25174,true,true,true,true,false,false,false,false,1194857.1,1194857.1,1194857.1,1194857.1,0.0,0.0,0.0,0.0
36417,26.93683,11.63958,true,true,true,true,false,false,false,false,1182421.0,1182421.0,1182421.0,1190900.0,0.0,0.0,0.0,0.0
36617,15.43846,12.2443,true,true,true,true,false,false,false,false,1367600.0,1367600.0,1367600.0,1368421.0,0.0,0.0,0.0,0.0
36818,13.0083,13.50596,true,true,true,true,false,false,false,false,1319500.0,1319500.0,1319500.0,1319500.0,0.0,0.0,0.0,0.0
37018,25.97403,12.98701,true,true,true,true,false,false,false,false,1586000.0,1586000.0,1586000.0,1586000.0,0.0,0.0,0.0,0.0
37219,21.92363,12.17979,true,true,true,true,false,false,false,false,1564952.4,1564952.4,1564952.4,1563900.0,0.0,0.0,0.0,0.0
37419,15.17623,12.50798,true,true,true,true,false,false,false,false,1222000.0,1222000.0,1222000.0,1222000.0,0.0,0.0,0.0,0.0
37620,15.12668,11.92418,true,true,true,true,false,false,false,false,1375400.0,1375400.0,1375400.0,1375400.0,0.0,0.0,0.0,0.0
37821,14.81045,12.69467,true,true,true,true,false,false,false,false,1342250.0,1342250.0,1342250.0,1342250.0,0.0,0.0,0.0,0.0
38021,23.00868,12.44322,true,true,true,true,false,false,false,false,1560000.0,1560000.0,1560000.0,1560000.0,0.0,0.0,0.0,0.0
38221,23.37662,12.07956,true,true,true,true,false,false,false,false,1550900.0,1550900.0,1550900.0,1550900.0,0.0,0.0,0.0,0.0
38421,14.64164,12.98701,true,true,true,true,false,false,false,false,1586000.0,1586000.0,1586000.0,1586000.0,0.0,0.0,0.0,0.0
38622,20.73869,11.93023,true,true,true,true,false,false,false,false,1410500.0,1410500.0,1410500.0,1410500.0,0.0,0.0,0.0,0.0
38822,15.45336,12.78899,true,true,true,true,false,false,false,false,1318416.6,1318416.6,1318416.6,1318416.6,0.0,0.0,0.0,0.0
39023,22.83372,12.88056,true,true,true,true,false,false,false,false,1560000.0,1560000.0,1560000.0,1560000.0,0.0,0.0,0.0,0.0
39223,12.41385,10.11499,true,true,true,true,false,false,false,false,1137550.0,1137550.0,1137550.0,1137550.0,0.0,0.0,0.0,0.0
39423,17.70334,11.80223,true,true,true,true,false,false,false,false,1327300.0,1327300.0,1327300.0,1327300.0,0.0,0.0,0.0,0.0
39623,27.16049,12.34568,true,true,true,true,false,false,false,false,1586000.0,1586000.0,1586000.0,1586000.0,0.0,0.0,0.0,0.0
39823,17.03928,12.11004,true,true,true,true,false,false,false,false,1576956.5,1576956.5,1576956.5,1576956.5,0.0,0.0,0.0,0.0
40024,14.35153,13.10714,true,true,true,true,false,false,false,false,1579882.4,1579882.4,1579882.4,1579882.4,0.0,0.0,0.0,0.0
40225,14.02215,12.69558,true,true,true,true,false,false,false,false,1383200.0,1383200.0,1383200.0,1383200.0,0.0,0.0,0.0,0.0
40425,13.95168,13.31751,true,true,true,true,false,false,false,false,1528800.0,1528800.0,1528800.0,1528800.0,0.0,0.0,0.0,0.0
40626,18.28461,12.0156,true,true,true,true,false,false,false,false,1375400.0,1375400.0,1375400.0,1375400.0,0.0,0.0,0.0,0.0
40826,12.83224,12.77702,true,true,true,true,false,false,false,false,1563250.0,1563250.0,1563250.0,1563250.0,0.0,0.0,0.0,0.0
41026,27.98776,13.10544,true,true,true,true,false,false,false,false,1524250.0,1524250.0,1524250.0,1524250.0,0.0,0.0,0.0,0.0
41226,23.09054,12.83224,true,true,true,true,false,false,false,false,1327300.0,1327300.0,1327300.0,1327300.0,0.0,0.0,0.0,0.0
41426,16.40794,12.50946,true,true,true,true,false,false,false,false,1289600.0,1289600.0,1289600.0,1289600.0,0.0,0.0,0.0,0.0
41626,14.07314,12.17363,true,true,true,true,false,false,false,false,1376700.0,1376700.0,1376700.0,1376700.0,0.0,0.0,0.0,0.0
41826,15.15369,12.54098,true,true,true,true,false,false,false,false,1326000.0,1326000.0,1326000.0,1326000.0,0.0,0.0,0.0,0.0
42026,30.36286,13.35966,true,true,true,true,false,false,false,false,1579500.0,1579500.0,1579500.0,1579500.0,0.0,0.0,0.0,0.0
42227,14.28409,13.15789,true,true,true,true,false,false,false,false,1586000.0,1586000.0,1586000.0,1586000.0,0.0,0.0,0.0,0.0
42427,15.36199,11.26546,true,true,true,true,false,false,false,false,1331904.8,1331904.8,1331904.8,1331904.8,0.0,0.0,0.0,0.0
42627,18.42105,12.69697,true,true,true,true,false,false,false,false,1275368.4,1275368.4,1275368.4,1275368.4,0.0,0.0,0.0,0.0
42827,21.42872,12.27976,true,true,true,true,false,false,false,false,1322608.8,1333583.4,1333583.4,1333583.4,0.0,0.0,0.0,0.0
43027,15.86136,13.8304,true,true,true,true,false,false,false,false,1567647.0,1566500.0,1566500.0,1566500.0,0.0,0.0,0.0,0.0
43227,16.67021,12.97002,true,true,true,true,false,false,false,false,1413100.0,1413100.0,1413100.0,1413100.0,0.0,0.0,0.0,0.0
43427,24.68354,13.29114,true,true,true,true,false,false,false,false,1586000.0,1586000.0,1586000.0,1586000.0,0.0,0.0,0.0,0.0
43627,16.46476,13.2212,true,true,true,true,false,false,false,false,1404000.0,1404000.0,1404000.0,1404000.0,0.0,0.0,0.0,0.0
43827,18.58975,12.69438,true,true,true,true,false,false,false,false,1418083.4,1418083.4,1418083.4,1418083.4,0.0,0.0,0.0,0.0
44027,17.10981,13.46154,true,true,true,true,false,false,false,false,1586000.0,1586000.0,1586000.0,1586000.0,0.0,0.0,0.0,0.0
44227,15.72067,12.57653,true,true,true,true,false,false,false,false,1384500.0,1378000.0,1378000.0,1378000.0,0.0,0.0,0.0,0.0
44428,26.875,14.32325,true,true,true,true,false,false,false,false,1393600.0,1401263.1,1401263.1,1401263.1,0.0,0.0,0.0,0.0
44628,19.47962,13.125,true,true,true,true,false,false,false,false,1586000.0,1586000.0,1586000.0,1586000.0,0.0,0.0,0.0,0.0
44829,19.37225,12.73086,true,true,true,true,false,false,false,false,1398769.2,1398769.2,1391280.0,1391280.0,0.0,0.0,0.0,0.0
45029,13.30954,12.23511,true,true,true,true,false,false,false,false,1326000.0,1326000.0,1326000.0,1326000.0,0.0,0.0,0.0,0.0
45229,16.71734,12.89484,true,true,true,true,false,false,false,false,1341600.0,1341600.0,1341600.0,1341600.0,0.0,0.0,0.0,0.0
45430,16.5054,13.98127,true,true,true,true,false,false,false,false,1552200.0,1552200.0,1552200.0,1552200.0,0.0,0.0,0.0,0.0
45630,15.8878,12.29216,true,true,true,true,false,false,false,false,1263300.0,1263300.0,1263300.0,1263300.0,0.0,0.0,0.0,0.0
45830,21.50457,13.67486,true,true,true,true,false,false,false,false,1549166.6,1549166.6,1549166.6,1549166.6,0.0,0.0,0.0,0.0
46030,16.81327,13.91472,true,true,true,true,false,false,false,false,1564875.0,1564875.0,1564875.0,1564875.0,0.0,0.0,0.0,0.0
46230,26.69854,14.15082,true,true,true,true,false,false,false,false,1402700.0,1402700.0,1402700.0,1402700.0,0.0,0.0,0.0,0.0
46431,17.68852,12.7549,true,true,true,true,false,false,false,false,1508000.0,1508000.0,1508000.0,1508000.0,0.0,0.0,0.0,0.0
46631,17.13014,13.38292,true,true,true,true,false,false,false,false,1375400.0,1375400.0,1375400.0,1375400.0,0.0,0.0,0.0,0.0
46831,29.375,13.49929,true,true,true,true,false,false,false,false,1508000.0,1508000.0,1508000.0,1508000.0,0.0,0.0,0.0,0.0
47031,19.9712,13.75,true,true,true,true,false,false,false,false,1586000.0,1586000.0,1586000.0,1586000.0,0.0,0.0,0.0,0.0
47231,15.08862,13.97984,true,true,true,true,false,false,false,false,1562600.0,1562600.0,1562600.0,1562600.0,0.0,0.0,0.0,0.0
47431,17.16427,11.56794,true,true,true,true,false,false,false,false,1292250.0,1292250.0,1292250.0,1292250.0,0.0,0.0,0.0,0.0
47631,16.43392,12.62079,true,true,true,true,false,false,false,false,1329100.0,1329100.0,1329100.0,1329100.0,0.0,0.0,0.0,0.0
47832,23.88569,14.15145,true,true,true,true,false,false,false,false,1363916.6,1363916.6,1363916.6,1363916.6,0.0,0.0,0.0,0.0
48032,22.2432,15.19194,true,true,true,true,false,false,false,false,1571375.0,1571375.0,1571375.0,1571375.0,0.0,0.0,0.0,0.0
48232,23.11817,14.21094,true,true,true,true,false,false,false,false,1548300.0,1548300.0,1548300.0,1548300.0,0.0,0.0,0.0,0.0
48432,16.54557,14.59681,true,true,true,true,false,false,false,false,1557400.0,1557400.0,1557400.0,1557400.0,0.0,0.0,0.0,0.0
48632,20.68289,12.16586,true,true,true,true,false,false,false,false,1327500.0,1327500.0,1327500.0,1327500.0,0.0,0.0,0.0,0.0
48832,14.91949,12.86163,true,true,true,true,false,false,false,false,1223913.0,1223913.0,1223913.0,1223913.0,0.0,0.0,0.0,0.0
49032,20.71172,14.53243,true,true,true,true,false,false,false,false,1478941.1,1478941.1,1478941.1,1478941.1,0.0,0.0,0.0,0.0
49232,28.39506,14.04659,true,true,true,true,false,false,false,false,1539200.0,1539200.0,1539200.0,1539200.0,0.0,0.0,0.0,0.0
49432,14.68507,13.46261,true,true,true,true,false,false,false,false,1346800.0,1346800.0,1346800.0,1346800.0,0.0,0.0,0.0,0.0
49632,18.77105,12.96296,true,true,true,true,false,false,false,false,1586000.0,1586000.0,1586000.0,1586000.0,0.0,0.0,0.0,0.0
49833,14.7956,14.17912,true,true,true,true,false,false,false,false,1544833.4,1544833.4,1544833.4,1544833.4,0.0,0.0,0.0,0.0
50033,16.95822,14.28571,true,true,true,true,false,false,false,false,1586000.0,1586000.0,1586000.0,1586000.0,0.0,0.0,0.0,0.0
50234,12.86022,13.44962,true,true,true,true,false,false,false,false,1521000.0,1521000.0,1521000.0,1521000.0,0.0,0.0,0.0,0.0
50434,19.48052,13.44478,true,true,true,true,false,false,false,false,1409200.0,1409200.0,1409200.0,1409200.0,0.0,0.0,0.0,0.0
50634,14.15231,10.04358,true,true,true,true,false,false,false,false,1144000.0,1144000.0,1144000.0,1144000.0,0.0,0.0,0.0,0.0
50835,29.05701,14.21939,true,true,true,true,false,false,false,false,1548083.4,1549600.0,1549600.0,1549600.0,0.0,0.0,0.0,0.0
51036,21.34146,12.80488,true,true,true,true,false,false,false,false,1586000.0,1586000.0,1586000.0,1586000.0,0.0,0.0,0.0,0.0
51236,19.375,13.75,true,true,true,true,false,false,false,false,1586000.0,1586000.0,1586000.0,1586000.0,0.0,0.0,0.0,0.0
51437,14.8569,13.61883,true,true,true,true,false,false,false,false,1518400.0,1518400.0,1505523.8,1505523.8,0.0,0.0,0.0,0.0
51637,15.83502,13.28098,true,true,true,true,false,false,false,false,1295047.6,1295047.6,1297400.0,1297400.0,0.0,0.0,0.0,0.0
51837,31.01266,13.58234,true,true,true,true,false,false,false,false,1498545.5,1498545.5,1498545.5,1498545.5,0.0,0.0,0.0,0.0
52037,18.5502,13.92405,true,true,true,true,false,false,false,false,1586000.0,1586000.0,1586000.0,1586000.0,0.0,0.0,0.0,0.0
52237,16.19365,12.98514,true,true,true,true,false,false,false,false,1569100.0,1569100.0,1569100.0,1569100.0,0.0,0.0,0.0,0.0
52437,17.12556,13.40164,true,true,true,true,false,false,false,false,1417000.0,1417000.0,1417000.0,1417000.0,0.0,0.0,0.0,0.0
52637,15.38233,13.53645,true,true,true,true,false,false,false,false,1483300.0,1483300.0,1483300.0,1483300.0,0.0,0.0,0.0,0.0
52837,20.12987,13.58198,true,true,true,true,false,false,false,false,1476347.9,1480916.6,1480916.6,1480916.6,0.0,0.0,0.0,0.0
53037,14.1725,14.28571,true,true,true,true,false,false,false,false,1586000.0,1586000.0,1586000.0,1586000.0,0.0,0.0,0.0,0.0
53237,21.79487,14.10257,true,true,true,true,false,false,false,false,1586000.0,1586000.0,1586000.0,1586000.0,0.0,0.0,0.0,0.0
53437,21.62162,14.18919,true,true,true,true,false,false,false,false,1586000.0,1586000.0,1586000.0,1586000.0,0.0,0.0,0.0,0.0
53637,15.1535,11.24292,true,true,true,true,false,false,false,false,1286952.4,1286952.4,1286952.4,1286952.4,0.0,0.0,0.0,0.0
53837,14.28818,12.93525,true,true,true,true,false,false,false,false,1384782.6,1384782.6,1384782.6,1384782.6,0.0,0.0,0.0,0.0
54037,16.16906,14.77094,true,true,true,true,false,false,false,false,1425125.0,1425125.0,1425125.0,1425125.0,0.0,0.0,0.0,0.0
54237,21.71053,14.28818,true,true,true,true,false,false,false,false,1497600.0,1497600.0,1497600.0,1497600.0,0.0,0.0,0.0,0.0
54437,26.50603,13.81579,true,true,true,true,false,false,false,false,1586000.0,1586000.0,1586000.0,1586000.0,0.0,0.0,0.0,0.0
54637,16.61731,13.25301,true,true,true,true,false,false,false,false,1586000.0,1586000.0,1586000.0,1586000.0,0.0,0.0,0.0,0.0
54837,15.91523,12.32147,true,true,true,true,false,false,false,false,1335360.0,1335360.0,1335360.0,1335360.0,0.0,0.0,0.0,0.0
55037,17.52716,11.90159,true,true,true,true,false,false,false,false,1274125.0,1274125.0,1274125.0,1274125.0,0.0,0.0,0.0,0.0
55237,18.34829,9.74543,true,true,true,true,false,false,false,false,989200.0,989200.0,989200.0,989200.0,0.0,0.0,0.0,0.0
55437,19.75309,12.37211,true,true,true,true,false,false,false,false,1357200.0,1357200.0,1357200.0,1357200.0,0.0,0.0,0.0,0.0
55638,12.08433,13.58025,true,true,true,true,false,false,false,false,1586000.0,1586000.0,1586000.0,1586000.0,0.0,0.0,0.0,0.0
55838,19.00425,14.28571,true,true,true,true,false,false,false,false,1586000.0,1586000.0,1586000.0,1586000.0,0.0,0.0,0.0,0.0
56038,19.25015,13.41476,true,true,true,true,false,false,false,false,1436117.6,1436117.6,1436117.6,1436117.6,0.0,0.0,0.0,0.0
56239,19.78519,13.58834,true,true,true,true,false,false,false,false,1454700.0,1454700.0,1454700.0,1454700.0,0.0,0.0,0.0,0.0
56439,27.92208,12.43641,true,true,true,true,false,false,false,false,1560000.0,1560000.0,1560000.0,1560000.0,0.0,0.0,0.0,0.0
56640,20.0,16.875,true,true,true,true,false,false,false,false,1586000.0,1586000.0,1586000.0,1586000.0,0.0,0.0,0.0,0.0
56840,32.23684,12.54594,true,true,true,true,false,false,false,false,1321217.4,1321217.4,1321217.4,1321217.4,0.0,0.0,0.0,0.0
57041,16.0588,14.47368,true,true,true,true,false,false,false,false,1586000.0,1586000.0,1586000.0,1586000.0,0.0,0.0,0.0,0.0
57241,19.76744,13.37209,true,true,true,true,false,false,false,false,1586000.0,1586000.0,1586000.0,1586000.0,0.0,0.0,0.0,0.0
57441,15.77922,13.29918,true,true,true,true,false,false,false,false,1534000.0,1534000.0,1534000.0,1534000.0,0.0,0.0,0.0,0.0
57641,17.53074,14.61039,true,true,true,true,false,false,false,false,1427400.0,1427400.0,1427400.0,1427400.0,0.0,0.0,0.0,0.0
57841,25.51844,12.94968,true,true,true,true,false,false,false,false,1281583.4,1281583.4,1281583.4,1281583.4,0.0,0.0,0.0,0.0
58041,20.39474,15.13158,true,true,true,true,false,false,false,false,1586000.0,1586000.0,1586000.0,1586000.0,0.0,0.0,0.0,0.0
58241,22.5,13.97438,true,true,true,true,false,false,false,false,1541800.0,1541800.0,1541800.0,1541800.0,0.0,0.0,0.0,0.0
58441,16.61,13.75,true,true,true,true,false,false,false,false,1586000.0,1586000.0,1586000.0,1586000.0,0.0,0.0,0.0,0.0
58641,14.50364,13.17345,true,true,true,true,false,false,false,false,1471600.0,1471600.0,1471600.0,1471600.0,0.0,0.0,0.0,0.0
58841,20.40072,12.67572,true,true,true,true,false,false,false,false,1240087.0,1254500.0,1254500.0,1254500.0,0.0,0.0,0.0,0.0
59042,16.90096,14.57194,true,true,true,true,false,false,false,false,1466235.2,1458750.0,1458750.0,1458750.0,0.0,0.0,0.0,0.0
59242,12.56203,12.56203,true,true,true,true,false,false,false,false,1134100.0,1134100.0,1134100.0,1134100.0,0.0,0.0,0.0,0.0
59442,25.0,15.32122,true,true,true,true,false,false,false,false,1383200.0,1383200.0,1383200.0,1383200.0,0.0,0.0,0.0,0.0
59642,21.80328,14.74359,true,true,true,true,false,false,false,false,1586000.0,1586000.0,1586000.0,1586000.0,0.0,0.0,0.0,0.0
59842,15.06058,13.90207,true,true,true,true,false,false,false,false,1396416.6,1396416.6,1396416.6,1396416.6,0.0,0.0,0.0,0.0
60042,20.18982,15.7733,true,true,true,true,false,false,false,false,1521000.0,1521000.0,1521000.0,1521000.0,0.0,0.0,0.0,0.0
60242,14.9091,14.31274,true,true,true,true,false,false,false,false,1475500.0,1475500.0,1475500.0,1475500.0,0.0,0.0,0.0,0.0
60442,15.44627,11.5847,true,true,true,true,false,false,false,false,1240200.0,1240200.0,1240200.0,1240200.0,0.0,0.0,0.0,0.0
60642,26.73013,14.25607,true,true,true,true,false,false,false,false,1488500.0,1488500.0,1488500.0,1488500.0,0.0,0.0,0.0,0.0
60842,26.31579,15.13158,true,true,true,true,false,false,false,false,1586000.0,1586000.0,1586000.0,1586000.0,0.0,0.0,0.0,0.0
61042,14.91147,16.66667,true,true,true,true,false,false,false,false,1586000.0,1586000.0,1586000.0,1586000.0,0.0,0.0,0.0,0.0
61242,18.75,14.29016,true,true,true,true,false,false,false,false,1478100.0,1478100.0,1478100.0,1478100.0,0.0,0.0,0.0,0.0
61442,18.05354,14.58504,true,true,true,true,false,false,false,false,1423500.0,1423500.0,1423500.0,1423500.0,0.0,0.0,0.0,0.0
61642,19.07275,14.44283,true,true,true,true,false,false,false,false,1508000.0,1508000.0,1508000.0,1508000.0,0.0,0.0,0.0,0.0
61842,33.33334,14.22525,true,true,true,true,false,false,false,false,1447680.0,1447680.0,1447680.0,1447680.0,0.0,0.0,0.0,0.0
62042,15.41069,14.74359,true,true,true,true,false,false,false,false,1586000.0,1586000.0,1586000.0,1586000.0,0.0,0.0,0.0,0.0
62242,16.44809,15.13158,true,true,true,true,false,false,false,false,1586000.0,1586000.0,1586000.0,1586000.0,0.0,0.0,0.0,0.0
62443,17.76316,13.21839,true,true,true,true,false,false,false,false,1586000.0,1586000.0,1586000.0,1586000.0,0.0,0.0,0.0,0.0
62643,19.54023,14.55023,true,true,true,true,false,false,false,false,1565200.0,1565200.0,1565200.0,1565200.0,0.0,0.0,0.0,0.0
62843,23.02632,14.91165,true,true,true,true,false,false,false,false,1497826.1,1497826.1,1497826.1,1497826.1,0.0,0.0,0.0,0.0
63043,21.50321,13.78411,true,true,true,true,false,false,false,false,1486588.2,1486588.2,1486588.2,1486588.2,0.0,0.0,0.0,0.0
63243,15.53298,14.89597,true,true,true,true,false,false,false,false,1474200.0,1474200.0,1474200.0,1474200.0,0.0,0.0,0.0,0.0
63444,27.40858,15.78947,true,true,true,true,false,false,false,false,1586000.0,1586000.0,1586000.0,1586000.0,0.0,0.0,0.0,0.0
63644,17.5,15.0,true,true,true,true,false,false,false,false,1586000.0,1586000.0,1586000.0,1586000.0,0.0,0.0,0.0,0.0
63844,21.42561,13.52978,true,true,true,true,false,false,false,false,1412666.6,1412666.6,1412666.6,1412666.6,0.0,0.0,0.0,0.0
64044,16.58299,15.30401,true,true,true,true,false,false,false,false,1534000.0,1534000.0,1534000.0,1534000.0,0.0,0.0,0.0,0.0
64244,14.65726,14.37193,true,true,true,true,false,false,false,false,1402700.0,1402700.0,1402700.0,1402700.0,0.0,0.0,0.0,0.0
64445,23.42133,14.79242,true,true,true,true,false,false,false,false,1505400.0,1505400.0,1505400.0,1505400.0,0.0,0.0,0.0,0.0
64645,26.54321,14.81481,true,true,true,true,false,false,false,false,1586000.0,1586000.0,1586000.0,1586000.0,0.0,0.0,0.0,0.0
64845,23.67929,14.56164,true,true,true,true,false,false,false,false,1446250.0,1442480.0,1442480.0,1442480.0,0.0,0.0,0.0,0.0
65046,14.56164,14.65861,true,true,true,true,false,false,false,false,1529125.0,1540933.4,1540933.4,1540933.4,0.0,0.0,0.0,0.0
65246,16.12412,14.92974,true,true,true,true,false,false,false,false,1458600.0,1458600.0,1458600.0,1458600.0,0.0,0.0,0.0,0.0
65446,22.0681,15.14733,true,true,true,true,false,false,false,false,1459900.0,1459900.0,1459900.0,1459900.0,0.0,0.0,0.0,0.0
65646,15.72992,15.13241,true,true,true,true,false,false,false,false,1560000.0,1560000.0,1560000.0,1560000.0,0.0,0.0,0.0,0.0
65847,28.39506,14.81481,true,true,true,true,false,false,false,false,1586000.0,1586000.0,1586000.0,1586000.0,0.0,0.0,0.0,0.0
66047,17.72152,15.0,true,true,true,true,false,false,false,false,1586000.0,1586000.0,1586000.0,1586000.0,0.0,0.0,0.0,0.0
66248,27.35704,15.71575,true,true,true,true,false,false,false,false,1477047.6,1477047.6,1477047.6,1477047.6,0.0,0.0,0.0,0.0
66448,22.07792,16.23377,true,true,true,true,false,false,false,false,1586000.0,1586000.0,1586000.0,1586000.0,0.0,0.0,0.0,0.0
66648,20.625,15.18987,true,true,true,true,false,false,false,false,1586000.0,1586000.0,1586000.0,1586000.0,0.0,0.0,0.0,0.0
66848,17.42932,15.56189,true,true,true,true,false,false,false,false,1480869.6,1480869.6,1480869.6,1480869.6,0.0,0.0,0.0,0.0
67048,18.58094,15.0,true,true,true,true,false,false,false,false,1586000.0,1586000.0,1586000.0,1586000.0,0.0,0.0,0.0,0.0
67249,14.38513,13.23245,true,true,true,true,false,false,false,false,1416600.0,1416600.0,1416600.0,1416600.0,0.0,0.0,0.0,0.0
67449,33.125,12.52898,true,true,true,true,false,false,false,false,1148100.0,1148100.0,1148100.0,1148100.0,0.0,0.0,0.0,0.0
67649,17.09192,15.58402,true,true,true,true,false,false,false,false,1521000.0,1521000.0,1521000.0,1521000.0,0.0,0.0,0.0,0.0
67850,21.89524,13.38139,true,true,true,true,false,false,false,false,1467916.6,1467916.6,1467916.6,1467916.6,0.0,0.0,0.0,0.0
68050,28.53878,16.67554,true,true,true,true,false,false,false,false,1566500.0,1566500.0,1566500.0,1566500.0,0.0,0.0,0.0,0.0
68250,17.84186,15.22068,true,true,true,true,false,false,false,false,1569100.0,1569100.0,1569100.0,1569100.0,0.0,0.0,0.0,0.0
68451,20.42491,14.79408,true,true,true,true,false,false,false,false,1539200.0,1539200.0,1539200.0,1539200.0,0.0,0.0,0.0,0.0
68651,21.80647,13.43744,true,true,true,true,false,false,false,false,1483300.0,1483300.0,1483300.0,1483300.0,0.0,0.0,0.0,0.0
68851,22.78481,14.93713,true,true,true,true,false,false,false,false,1535130.4,1535130.4,1535130.4,1535130.4,0.0,0.0,0.0,0.0
69052,17.92455,15.82278,true,true,true,true,false,false,false,false,1586000.0,1586000.0,1586000.0,1586000.0,0.0,0.0,0.0,0.0
69252,15.50021,14.8802,true,true,true,true,false,false,false,false,1534000.0,1534000.0,1534000.0,1534000.0,0.0,0.0,0.0,0.0
69453,25.34153,15.20492,true,true,true,true,false,false,false,false,1446900.0,1446900.0,1446900.0,1446900.0,0.0,0.0,0.0,0.0
69653,24.67533,15.58441,true,true,true,true,false,false,false,false,1586000.0,1586000.0,1586000.0,1586000.0,0.0,0.0,0.0,0.0
69853,18.94628,15.21554,true,true,true,true,false,false,false,false,1486521.8,1486521.8,1486521.8,1486521.8,0.0,0.0,0.0,0.0
70054,16.43278,15.89043,true,true,true,true,false,false,false,false,1434588.2,1434588.2,1434588.2,1434588.2,0.0,0.0,0.0,0.0
70254,16.50394,15.93484,true,true,true,true,false,false,false,false,1426100.0,1426100.0,1426100.0,1426100.0,0.0,0.0,0.0,0.0
70455,25.0,14.07268,true,true,true,true,false,false,false,false,1482000.0,1482000.0,1482000.0,1482000.0,0.0,0.0,0.0,0.0
70655,18.57594,16.02564,true,true,true,true,false,false,false,false,1586000.0,1586000.0,1586000.0,1586000.0,0.0,0.0,0.0,0.0
70855,20.92844,15.4321,true,true,true,true,false,false,false,false,1586000.0,1586000.0,1586000.0,1586000.0,0.0,0.0,0.0,0.0
71055,29.01235,15.18987,true,true,true,true,false,false,false,false,1586000.0,1586000.0,1586000.0,1586000.0,0.0,0.0,0.0,0.0
71255,18.87168,14.98634,true,true,true,true,false,false,false,false,1426100.0,1426100.0,1426100.0,1426100.0,0.0,0.0,0.0,0.0
71455,20.88608,15.85488,true,true,true,true,false,false,false,false,1569100.0,1569100.0,1569100.0,1569100.0,0.0,0.0,0.0,0.0
71655,18.75,15.625,true,true,true,true,false,false,false,false,1586000.0,1586000.0,1586000.0,1586000.0,0.0,0.0,0.0,0.0
71855,34.375,15.42372,true,true,true,true,false,false,false,false,1546000.0,1546000.0,1546000.0,1546000.0,0.0,0.0,0.0,0.0
72056,19.12542,15.625,true,true,true,true,false,false,false,false,1586000.0,1586000.0,1586000.0,1586000.0,0.0,0.0,0.0,0.0
72256,18.58975,13.99368,true,true,true,true,false,false,false,false,1417000.0,1417000.0,1417000.0,1417000.0,0.0,0.0,0.0,0.0
72456,16.83319,17.48061,true,true,true,true,false,false,false,false,1519700.0,1519700.0,1519700.0,1519700.0,0.0,0.0,0.0,0.0
72656,19.37587,15.38462,true,true,true,true,false,false,false,false,1586000.0,1586000.0,1586000.0,1586000.0,0.0,0.0,0.0,0.0
72856,30.0,15.34291,true,true,true,true,false,false,false,false,1478750.0,1478750.0,1478750.0,1478750.0,0.0,0.0,0.0,0.0
73056,21.89461,14.98052,true,true,true,true,false,false,false,false,1480375.0,1480375.0,1480375.0,1480375.0,0.0,0.0,0.0,0.0
73256,18.0584,16.66667,true,true,true,true,false,false,false,false,1586000.0,1586000.0,1586000.0,1586000.0,0.0,0.0,0.0,0.0
73456,16.52314,15.70035,true,true,true,true,false,false,false,false,1513200.0,1513200.0,1513200.0,1513200.0,0.0,0.0,0.0,0.0
73656,21.13509,15.65062,true,true,true,true,false,false,false,false,1527500.0,1527500.0,1527500.0,1527500.0,0.0,0.0,0.0,0.0
73856,17.58797,13.44962,true,true,true,true,false,false,false,false,1345500.0,1345500.0,1345500.0,1345500.0,0.0,0.0,0.0,0.0
74056,25.96721,15.76442,true,true,true,true,false,false,false,false,1519375.0,1519375.0,1519375.0,1519375.0,0.0,0.0,0.0,0.0
74256,21.22134,15.81536,true,true,true,true,false,false,false,false,1466400.0,1466400.0,1466400.0,1466400.0,0.0,0.0,0.0,0.0
74456,17.64021,15.34426,true,true,true,true,false,false,false,false,1497600.0,1497600.0,1497600.0,1497600.0,0.0,0.0,0.0,0.0
74656,24.35897,16.02564,true,true,true,true,false,false,false,false,1586000.0,1586000.0,1586000.0,1586000.0,0.0,0.0,0.0,0.0
74856,14.24504,15.74539,true,true,true,true,false,false,false,false,1479833.4,1479833.4,1479833.4,1479833.4,0.0,0.0,0.0,0.0
75056,18.07804,15.4321,true,true,true,true,false,false,false,false,1586000.0,1586000.0,1586000.0,1586000.0,0.0,0.0,0.0,0.0
75256,22.22222,13.69715,true,true,true,true,false,false,false,false,1320800.0,1320800.0,1320800.0,1320800.0,0.0,0.0,0.0,0.0
75456,11.05465,10.23579,true,true,true,true,false,false,false,false,986700.0,986700.0,986700.0,988000.0,0.0,0.0,0.0,0.0
75656,23.75731,14.25439,true,true,true,true,false,false,false,false,1352000.0,1352000.0,1352000.0,1369789.5,0.0,0.0,0.0,0.0
75856,20.77922,14.70588,true,true,true,true,false,false,false,false,1586000.0,1586000.0,1586000.0,1586000.0,0.0,0.0,0.0,0.0
76056,28.82353,16.23377,true,true,true,true,false,false,false,false,1586000.0,1586000.0,1586000.0,1586000.0,0.0,0.0,0.0,0.0
76256,21.875,17.20547,true,true,true,true,false,false,false,false,1574300.0,1574300.0,1574300.0,1574300.0,0.0,0.0,0.0,0.0
76457,16.54372,15.95108,true,true,true,true,false,false,false,false,1517904.8,1517904.8,1517904.8,1517904.8,0.0,0.0,0.0,0.0
76657,18.40509,15.625,true,true,true,true,false,false,false,false,1586000.0,1586000.0,1586000.0,1586000.0,0.0,0.0,0.0,0.0
76857,20.98765,16.04938,true,true,true,true,false,false,false,false,1586000.0,1586000.0,1586000.0,1586000.0,0.0,0.0,0.0,0.0
77057,35.0,16.25,true,true,true,true,false,false,false,false,1586000.0,1586000.0,1586000.0,1586000.0,0.0,0.0,0.0,0.0
77258,16.49753,15.86301,true,true,true,true,false,false,false,false,1569904.8,1569904.8,1569904.8,1569904.8,0.0,0.0,0.0,0.0
77458,17.4686,16.30402,true,true,true,true,false,false,false,false,1422200.0,1422200.0,1422200.0,1422200.0,0.0,0.0,0.0,0.0
77658,17.239,16.60052,true,true,true,true,false,false,false,false,1539200.0,1539200.0,1539200.0,1539200.0,0.0,0.0,0.0,0.0
77859,18.62972,16.14576,true,true,true,true,false,false,false,false,1575826.1,1575826.1,1575826.1,1575826.1,0.0,0.0,0.0,0.0
78060,16.67021,15.11891,true,true,true,true,false,false,false,false,1530941.1,1530941.1,1530941.1,1530941.1,0.0,0.0,0.0,0.0
78260,22.67837,15.43156,true,true,true,true,false,false,false,false,1562600.0,1562600.0,1562600.0,1562600.0,0.0,0.0,0.0,0.0
78460,31.45665,16.25,true,true,true,true,false,false,false,false,1586000.0,1586000.0,1586000.0,1586000.0,0.0,0.0,0.0,0.0
78661,21.875,15.00319,true,true,true,true,false,false,false,false,1357200.0,1357200.0,1357200.0,1357200.0,0.0,0.0,0.0,0.0
78861,19.03239,12.86668,true,true,true,true,false,false,false,false,1257043.5,1257043.5,1257043.5,1257043.5,0.0,0.0,0.0,0.0
79061,25.0,15.85366,true,true,true,true,false,false,false,false,1586000.0,1586000.0,1586000.0,1586000.0,0.0,0.0,0.0,0.0
79261,13.89601,15.46382,true,true,true,true,false,false,false,false,1547000.0,1547000.0,1547000.0,1547000.0,0.0,0.0,0.0,0.0
79462,27.65027,15.62841,true,true,true,true,false,false,false,false,1544400.0,1544400.0,1544400.0,1544400.0,0.0,0.0,0.0,0.0
79663,23.88652,16.34341,true,true,true,true,false,false,false,false,1535300.0,1535300.0,1535300.0,1535300.0,0.0,0.0,0.0,0.0
79863,16.25788,15.00588,true,true,true,true,false,false,false,false,1409652.1,1409652.1,1409652.1,1409652.1,0.0,0.0,0.0,0.0
80063,20.66373,16.90669,true,true,true,true,false,false,false,false,1509529.4,1509529.4,1509529.4,1509529.4,0.0,0.0,0.0,0.0
80263,16.16017,15.65574,true,true,true,true,false,false,false,false,1489800.0,1489800.0,1489800.0,1489800.0,0.0,0.0,0.0,0.0
80463,18.52246,17.24505,true,true,true,true,false,false,false,false,1560000.0,1560000.0,1560000.0,1560000.0,0.0,0.0,0.0,0.0
80663,25.31646,16.4557,true,true,true,true,false,false,false,false,1586000.0,1586000.0,1586000.0,1586000.0,0.0,0.0,0.0,0.0
80864,23.75,14.81481,true,true,true,true,false,false,false,false,1586000.0,1586000.0,1586000.0,1586000.0,0.0,0.0,0.0,0.0
81064,29.01235,16.25,true,true,true,true,false,false,false,false,1586000.0,1586000.0,1586000.0,1586000.0,0.0,0.0,0.0,0.0
81265,18.16636,16.8022,true,true,true,true,false,false,false,false,1500200.0,1500200.0,1500200.0,1500200.0,0.0,0.0,0.0,0.0
81465,16.17989,14.31289,true,true,true,true,false,false,false,false,1414400.0,1414400.0,1414400.0,1414400.0,0.0,0.0,0.0,0.0
81666,22.41303,16.35546,true,true,true,true,false,false,false,false,1575600.0,1575600.0,1575600.0,1575600.0,0.0,0.0,0.0,0.0
81866,31.16883,16.37345,true,true,true,true,false,false,false,false,1577333.4,1577333.4,1577333.4,1577333.4,0.0,0.0,0.0,0.0
82067,21.61579,15.58441,true,true,true,true,false,false,false,false,1586000.0,1586000.0,1586000.0,1586000.0,0.0,0.0,0.0,0.0
82268,23.65054,17.47498,true,true,true,true,false,false,false,false,1580800.0,1580800.0,1580800.0,1580800.0,0.0,0.0,0.0,0.0
82468,18.76943,16.4557,true,true,true,true,false,false,false,false,1586000.0,1586000.0,1586000.0,1586000.0,0.0,0.0,0.0,0.0
82668,18.98734,15.35859,true,true,true,true,false,false,false,false,1569579.0,1569579.0,1569579.0,1570400.0,0.0,0.0,0.0,0.0
82869,24.09639,20.94595,true,true,true,true,false,false,false,false,1586000.0,1586000.0,1586000.0,1586000.0,0.0,0.0,0.0,0.0
83069,20.27027,16.26506,true,true,true,true,false,false,false,false,1586000.0,1586000.0,1586000.0,1586000.0,0.0,0.0,0.0,0.0
83269,19.86885,16.04938,true,true,true,true,false,false,false,false,1586000.0,1586000.0,1586000.0,1586000.0,0.0,0.0,0.0,0.0
83470,31.48148,15.34091,true,true,true,true,false,false,false,false,1586000.0,1586000.0,1586000.0,1586000.0,0.0,0.0,0.0,0.0
83670,25.0,16.76434,true,true,true,true,false,false,false,false,1575600.0,1575600.0,1575600.0,1575600.0,0.0,0.0,0.0,0.0
83870,31.01718,15.47619,true,true,true,true,false,false,false,false,1586000.0,1586000.0,1586000.0,1586000.0,0.0,0.0,0.0,0.0
84070,21.30261,17.30769,true,true,true,true,false,false,false,false,1586000.0,1586000.0,1586000.0,1586000.0,0.0,0.0,0.0,0.0
84270,22.4359,16.39344,true,true,true,true,false,false,false,false,1560000.0,1560000.0,1560000.0,1560000.0,0.0,0.0,0.0,0.0
84470,20.2381,16.10508,true,true,true,true,false,false,false,false,1570400.0,1570400.0,1570400.0,1570400.0,0.0,0.0,0.0,0.0
84670,19.42927,15.97696,true,true,true,true,false,false,false,false,1562600.0,1562600.0,1562600.0,1562600.0,0.0,0.0,0.0,0.0
84871,20.98765,17.28395,true,true,true,true,false,false,false,false,1586000.0,1586000.0,1586000.0,1586000.0,0.0,0.0,0.0,0.0
85071,20.39652,16.66667,true,true,true,true,false,false,false,false,1586000.0,1586000.0,1586000.0,1586000.0,0.0,0.0,0.0,0.0
85271,22.22222,16.19723,true,true,true,true,false,false,false,false,1522300.0,1522300.0,1522300.0,1522300.0,0.0,0.0,0.0,0.0
85471,19.78598,16.7881,true,true,true,true,false,false,false,false,1540500.0,1540500.0,1540500.0,1540500.0,0.0,0.0,0.0,0.0
85672,26.97667,16.93884,true,true,true,true,false,false,false,false,1552200.0,1552200.0,1552200.0,1552200.0,0.0,0.0,0.0,0.0
85872,26.875,16.875,true,true,true,true,false,false,false,false,1586000.0,1586000.0,1586000.0,1586000.0,0.0,0.0,0.0,0.0
86072,16.62748,19.03013,true,true,true,true,false,false,false,false,1573764.8,1573764.8,1573764.8,1573764.8,0.0,0.0,0.0,0.0
86273,20.18609,17.64668,true,true,true,true,false,false,false,false,1575600.0,1575600.0,1575600.0,1575600.0,0.0,0.0,0.0,0.0
86473,18.30026,16.62748,true,true,true,true,false,false,false,false,1484600.0,1484600.0,1484600.0,1484600.0,0.0,0.0,0.0,0.0
86674,21.06908,17.03201,true,true,true,true,false,false,false,false,1480700.0,1480700.0,1480700.0,1480700.0,0.0,0.0,0.0,0.0
86874,16.93884,16.77878,true,true,true,true,false,false,false,false,1576956.5,1576956.5,1576956.5,1576956.5,0.0,0.0,0.0,0.0
87074,24.23601,16.04938,true,true,true,true,false,false,false,false,1586000.0,1586000.0,1586000.0,1586000.0,0.0,0.0,0.0,0.0
87274,16.83337,16.93884,true,true,true,true,false,false,false,false,1552200.0,1552200.0,1552200.0,1552200.0,0.0,0.0,0.0,0.0
87474,32.71605,12.62503,true,true,true,true,false,false,false,false,1318200.0,1318200.0,1318200.0,1318200.0,0.0,0.0,0.0,0.0
87674,17.03279,13.83914,true,true,true,true,false,false,false,false,1350700.0,1350700.0,1350700.0,1350700.0,0.0,0.0,0.0,0.0
87874,19.87952,16.86747,true,true,true,true,false,false,false,false,1586000.0,1586000.0,1586000.0,1586000.0,0.0,0.0,0.0,0.0
88074,31.64557,18.49315,true,true,true,true,false,false,false,false,1586000.0,1586000.0,1586000.0,1586000.0,0.0,0.0,0.0,0.0
88274,19.79208,17.72152,true,true,true,true,false,false,false,false,1586000.0,1586000.0,1586000.0,1586000.0,0.0,0.0,0.0,0.0
88475,20.0,18.0,true,true,true,true,false,false,false,false,1586000.0,1586000.0,1586000.0,1586000.0,0.0,0.0,0.0,0.0
88675,23.28767,16.79328,true,true,true,true,false,false,false,false,1560000.0,1560000.0,1560000.0,1560000.0,0.0,0.0,0.0,0.0
88875,19.17594,17.89755,true,true,true,true,false,false,false,false,1581478.2,1581478.2,1581478.2,1581478.2,0.0,0.0,0.0,0.0
89076,21.71053,18.24324,true,true,true,true,false,false,false,false,1586000.0,1586000.0,1586000.0,1586000.0,0.0,0.0,0.0,0.0
89276,38.75,18.42105,true,true,true,true,false,false,false,false,1586000.0,1586000.0,1586000.0,1586000.0,0.0,0.0,0.0,0.0
89476,20.27027,14.375,true,true,true,true,false,false,false,false,1586000.0,1586000.0,1586000.0,1586000.0,0.0,0.0,0.0,0.0
89677,25.97028,17.31352,true,true,true,true,false,false,false,false,1569100.0,1569100.0,1569100.0,1569100.0,0.0,0.0,0.0,0.0
89877,19.45321,13.6612,true,true,true,true,false,false,false,false,1300000.0,1300000.0,1300000.0,1300000.0,0.0,0.0,0.0,0.0
90077,14.20765,16.52833,true,true,true,true,false,false,false,false,1534000.0,1534000.0,1534000.0,1534000.0,0.0,0.0,0.0,0.0
90278,21.42561,16.70353,true,true,true,true,false,false,false,false,1570400.0,1570400.0,1570400.0,1571142.9,0.0,0.0,0.0,0.0
90478,21.47597,16.94312,true,true,true,true,false,false,false,false,1511900.0,1511900.0,1515428.6,1511900.0,0.0,0.0,0.0,0.0
90678,27.59672,18.39781,true,true,true,true,false,false,false,false,1563714.2,1563714.2,1562600.0,1562600.0,0.0,0.0,0.0,0.0
90878,22.36842,17.72152,true,true,true,true,false,false,false,false,1586000.0,1586000.0,1586000.0,1586000.0,0.0,0.0,0.0,0.0
91078,31.01266,18.42105,true,true,true,true,false,false,false,false,1586000.0,1586000.0,1586000.0,1586000.0,0.0,0.0,0.0,0.0
91279,21.15779,17.5,true,true,true,true,false,false,false,false,1586000.0,1586000.0,1586000.0,1586000.0,0.0,0.0,0.0,0.0
91479,20.0,16.66667,true,true,true,true,false,false,false,false,1586000.0,1586000.0,1586000.0,1586000.0,0.0,0.0,0.0,0.0
91679,20.98765,17.53074,true,true,true,true,false,false,false,false,1534000.0,1534000.0,1534000.0,1534000.0,0.0,0.0,0.0,0.0
91880,20.88623,16.84373,true,true,true,true,false,false,false,false,1581478.2,1581478.2,1581478.2,1581478.2,0.0,0.0,0.0,0.0
92080,35.0,17.5,true,true,true,true,false,false,false,false,1586000.0,1586000.0,1586000.0,1586000.0,0.0,0.0,0.0,0.0
92280,22.09302,16.27907,true,true,true,true,false,false,false,false,1586000.0,1586000.0,1586000.0,1586000.0,0.0,0.0,0.0,0.0
92480,19.8718,17.94872,true,true,true,true,false,false,false,false,1586000.0,1586000.0,1586000.0,1586000.0,0.0,0.0,0.0,0.0
92681,21.17647,16.47059,true,true,true,true,false,false,false,false,1586000.0,1586000.0,1586000.0,1586000.0,0.0,0.0,0.0,0.0
92882,21.15385,17.68724,true,true,true,true,false,false,false,false,1528347.9,1528347.9,1528347.9,1528347.9,0.0,0.0,0.0,0.0
93082,17.72256,16.66667,true,true,true,true,false,false,false,false,1586000.0,1586000.0,1586000.0,1586000.0,0.0,0.0,0.0,0.0
93282,22.72727,17.72152,true,true,true,true,false,false,false,false,1586000.0,1586000.0,1586000.0,1586000.0,0.0,0.0,0.0,0.0
93483,21.34666,18.18182,true,true,true,true,false,false,false,false,1586000.0,1586000.0,1586000.0,1586000.0,0.0,0.0,0.0,0.0
93683,32.91139,15.88919,true,true,true,true,false,false,false,false,1531400.0,1531400.0,1531400.0,1531400.0,0.0,0.0,0.0,0.0
93884,20.25316,17.94872,true,true,true,true,false,false,false,false,1586000.0,1586000.0,1586000.0,1586000.0,0.0,0.0,0.0,0.0
94084,22.07792,17.90123,true,true,true,true,false,false,false,false,1586000.0,1586000.0,1586000.0,1586000.0,0.0,0.0,0.0,0.0
94284,30.1282,17.72152,true,true,true,true,false,false,false,false,1586000.0,1586000.0,1586000.0,1586000.0,0.0,0.0,0.0,0.0
94484,22.83951,17.94872,true,true,true,true,false,false,false,false,1586000.0,1586000.0,1586000.0,1586000.0,0.0,0.0,0.0,0.0
94684,19.8718,16.23377,true,true,true,true,false,false,false,false,1586000.0,1586000.0,1586000.0,1586000.0,0.0,0.0,0.0,0.0
94884,21.79487,18.35443,true,true,true,true,false,false,false,false,1586000.0,1586000.0,1586000.0,1586000.0,0.0,0.0,0.0,0.0
95084,20.88608,17.94872,true,true,true,true,false,false,false,false,1586000.0,1586000.0,1586000.0,1586000.0,0.0,0.0,0.0,0.0
95285,20.37037,17.90123,true,true,true,true,false,false,false,false,1586000.0,1586000.0,1586000.0,1586000.0,0.0,0.0,0.0,0.0
95485,19.73684,18.42105,true,true,true,true,false,false,false,false,1586000.0,1586000.0,1586000.0,1586000.0,0.0,0.0,0.0,0.0
95686,28.65854,17.68293,true,true,true,true,false,false,false,false,1586000.0,1586000.0,1586000.0,1586000.0,0.0,0.0,0.0,0.0
95887,27.71084,16.86747,true,true,true,true,false,false,false,false,1586000.0,1586000.0,1586000.0,1586000.0,0.0,0.0,0.0,0.0
96087,20.88608,18.35443,true,true,true,true,false,false,false,false,1586000.0,1586000.0,1586000.0,1586000.0,0.0,0.0,0.0,0.0
96287,24.05063,17.94872,true,true,true,true,false,false,false,false,1586000.0,1586000.0,1586000.0,1586000.0,0.0,0.0,0.0,0.0
96488,19.8718,17.72152,true,true,true,true,false,false,false,false,1586000.0,1586000.0,1586000.0,1586000.0,0.0,0.0,0.0,0.0
96688,20.98765,17.90123,true,true,true,true,false,false,false,false,1586000.0,1586000.0,1586000.0,1586000.0,0.0,0.0,0.0,0.0
96889,19.75309,18.35443,true,true,true,true,false,false,false,false,1586000.0,1586000.0,1586000.0,1586000.0,0.0,0.0,0.0,0.0
97090,31.25,16.875,true,true,true,true,false,false,false,false,1586000.0,1586000.0,1586000.0,1586000.0,0.0,0.0,0.0,0.0
97291,28.48101,15.22615,true,true,true,true,false,false,false,false,1541800.0,1541800.0,1541800.0,1541800.0,0.0,0.0,0.0,0.0
97491,20.49674,17.46988,true,true,true,true,false,false,false,false,1586000.0,1586000.0,1586000.0,1586000.0,0.0,0.0,0.0,0.0
97692,22.28916,17.28395,true,true,true,true,false,false,false,false,1586000.0,1586000.0,1586000.0,1586000.0,0.0,0.0,0.0,0.0
97892,33.125,17.27943,true,true,true,true,false,false,false,false,1546434.8,1546434.8,1546434.8,1546434.8,0.0,0.0,0.0,0.0
98092,19.13079,18.66667,true,true,true,true,false,false,false,false,1586000.0,1586000.0,1586000.0,1586000.0,0.0,0.0,0.0,0.0
98292,18.18182,16.25,true,true,true,true,false,false,false,false,1586000.0,1586000.0,1586000.0,1586000.0,0.0,0.0,0.0,0.0
98493,24.0,15.66265,true,true,true,true,false,false,false,false,1586000.0,1586000.0,1586000.0,1586000.0,0.0,0.0,0.0,0.0
98693,22.28916,18.83117,true,true,true,true,false,false,false,false,1586000.0,1586000.0,1586000.0,1586000.0,0.0,0.0,0.0,0.0
98893,25.31646,18.83117,true,true,true,true,false,false,false,false,1586000.0,1586000.0,1586000.0,1586000.0,0.0,0.0,0.0,0.0
99093,18.83117,18.35443,true,true,true,true,false,false,false,false,1586000.0,1586000.0,1586000.0,1586000.0,0.0,0.0,0.0,0.0
99293,31.25,16.66667,true,true,true,true,false,false,false,false,1586000.0,1586000.0,1586000.0,1586000.0,0.0,0.0,0.0,0.0
99493,21.83908,18.05555,true,true,true,true,false,false,false,false,1586000.0,1586000.0,1586000.0,1586000.0,0.0,0.0,0.0,0.0
99693,22.0,19.33333,true,true,true,true,false,false,false,false,1586000.0,1586000.0,1586000.0,1586000.0,0.0,0.0,0.0,0.0
99893,24.39024,18.58975,true,true,true,true,false,false,false,false,1586000.0,1586000.0,1586000.0,1586000.0,0.0,0.0,0.0,0.0
100093,19.8718,17.68293,true,true,true,true,false,false,false,false,1586000.0,1586000.0,1586000.0,1586000.0,0.0,0.0,0.0,0.0
100293,19.48052,18.83117,true,true,true,true,false,false,false,false,1586000.0,1586000.0,1586000.0,1586000.0,0.0,0.0,0.0,0.0
100493,29.74684,19.5946,true,true,true,true,false,false,false,false,1586000.0,1586000.0,1586000.0,1586000.0,0.0,0.0,0.0,0.0
100693,18.91892,18.35443,true,true,true,true,false,false,false,false,1586000.0,1586000.0,1586000.0,1586000.0,0.0,0.0,0.0,0.0
100893,19.62025,13.70168,true,true,true,true,false,false,false,false,1530608.8,1530608.8,1530608.8,1530608.8,0.0,0.0,0.0,0.0
101093,21.68675,15.66265,true,true,true,true,false,false,false,false,1586000.0,1586000.0,1586000.0,1586000.0,0.0,0.0,0.0,0.0
101293,26.21191,18.23407,true,true,true,true,false,false,false,false,1575600.0,1575600.0,1575600.0,1575600.0,0.0,0.0,0.0,0.0
101493,21.37788,18.98734,true,true,true,true,false,false,false,false,1586000.0,1586000.0,1586000.0,1586000.0,0.0,0.0,0.0,0.0
101694,18.98734,15.82278,true,true,true,true,false,false,false,false,1586000.0,1586000.0,1586000.0,1586000.0,0.0,0.0,0.0,0.0
101894,17.76316,16.46342,true,true,true,true,false,false,false,false,1586000.0,1586000.0,1586000.0,1586000.0,0.0,0.0,0.0,0.0
102094,29.05405,17.56757,true,true,true,true,false,false,false,false,1586000.0,1586000.0,1586000.0,1586000.0,0.0,0.0,0.0,0.0
102295,29.87805,17.76316,true,true,true,true,false,false,false,false,1586000.0,1586000.0,1586000.0,1586000.0,0.0,0.0,0.0,0.0
102495,22.65276,20.06387,true,true,true,true,false,false,false,false,1580800.0,1580800.0,1580800.0,1580800.0,0.0,0.0,0.0,0.0
102695,20.98765,17.90123,true,true,true,true,false,false,false,false,1586000.0,1586000.0,1586000.0,1586000.0,0.0,0.0,0.0,0.0
102895,20.12987,18.83117,true,true,true,true,false,false,false,false,1586000.0,1586000.0,1586000.0,1586000.0,0.0,0.0,0.0,0.0
103095,32.89474,17.45483,true,true,true,true,false,false,false,false,1558470.6,1558470.6,1558470.6,1558470.6,0.0,0.0,0.0,0.0
103295,23.27311,19.07895,true,true,true,true,false,false,false,false,1586000.0,1586000.0,1586000.0,1586000.0,0.0,0.0,0.0,0.0
103496,21.60494,18.07229,true,true,true,true,false,false,false,false,1586000.0,1586000.0,1586000.0,1586000.0,0.0,0.0,0.0,0.0
103696,22.89156,17.90123,true,true,true,true,false,false,false,false,1586000.0,1586000.0,1586000.0,1586000.0,0.0,0.0,0.0,0.0
103897,24.375,20.0,true,true,true,true,false,false,false,false,1586000.0,1586000.0,1586000.0,1586000.0,0.0,0.0,0.0,0.0
104097,22.36842,19.73684,true,true,true,true,false,false,false,false,1586000.0,1586000.0,1586000.0,1586000.0,0.0,0.0,0.0,0.0
104298,20.0,17.85714,true,true,true,true,false,false,false,false,1586000.0,1586000.0,1586000.0,1586000.0,0.0,0.0,0.0,0.0
104498,23.21429,17.2619,true,true,true,true,false,false,false,false,1586000.0,1586000.0,1586000.0,1586000.0,0.0,0.0,0.0,0.0
104698,34.52381,18.75,true,true,true,true,false,false,false,false,1586000.0,1586000.0,1586000.0,1586000.0,0.0,0.0,0.0,0.0
104899,18.66667,20.0,true,true,true,true,false,false,false,false,1586000.0,1586000.0,1586000.0,1586000.0,0.0,0.0,0.0,0.0
105099,22.98851,18.51852,true,true,true,true,false,false,false,false,1586000.0,1586000.0,1586000.0,1586000.0,0.0,0.0,0.0,0.0
105299,25.30864,15.51724,true,true,true,true,false,false,false,false,1586000.0,1586000.0,1586000.0,1586000.0,0.0,0.0,0.0,0.0
105500,28.84615,19.23077,true,true,true,true,false,false,false,false,1586000.0,1586000.0,1586000.0,1586000.0,0.0,0.0,0.0,0.0
105700,22.4359,17.30769,true,true,true,true,false,false,false,false,1586000.0,1586000.0,1586000.0,1586000.0,0.0,0.0,0.0,0.0
105900,20.77922,16.02564,true,true,true,true,false,false,false,false,1586000.0,1586000.0,1586000.0,1586000.0,0.0,0.0,0.0,0.0
106101,23.80953,16.07143,true,true,true,true,false,false,false,false,1586000.0,1586000.0,1586000.0,1586000.0,0.0,0.0,0.0,0.0
106301,21.95122,18.98734,true,true,true,true,false,false,false,false,1586000.0,1586000.0,1586000.0,1586000.0,0.0,0.0,0.0,0.0
106501,22.1519,16.46342,true,true,true,true,false,false,false,false,1586000.0,1586000.0,1586000.0,1586000.0,0.0,0.0,0.0,0.0
106701,23.71795,19.48052,true,true,true,true,false,false,false,false,1586000.0,1586000.0,1586000.0,1586000.0,0.0,0.0,0.0,0.0
106901,25.90362,14.45783,true,true,true,true,false,false,false,false,1586000.0,1586000.0,1586000.0,1586000.0,0.0,0.0,0.0,0.0
107101,20.51282,14.02439,true,true,true,true,false,false,false,false,1586000.0,1586000.0,1586000.0,1586000.0,0.0,0.0,0.0,0.0
107301,21.42857,17.94872,true,true,true,true,false,false,false,false,1586000.0,1586000.0,1586000.0,1586000.0,0.0,0.0,0.0,0.0
107501,20.25316,18.83117,true,true,true,true,false,false,false,false,1586000.0,1586000.0,1586000.0,1586000.0,0.0,0.0,0.0,0.0
107701,31.09756,18.35443,true,true,true,true,false,false,false,false,1586000.0,1586000.0,1586000.0,1586000.0,0.0,0.0,0.0,0.0
107902,18.35443,17.90123,true,true,true,true,false,false,false,false,1586000.0,1586000.0,1586000.0,1586000.0,0.0,0.0,0.0,0.0
108103,20.37037,18.18182,true,true,true,true,false,false,false,false,1586000.0,1586000.0,1586000.0,1586000.0,0.0,0.0,0.0,0.0
108304,20.0,19.8718,true,true,true,true,false,false,false,false,1586000.0,1586000.0,1586000.0,1586000.0,0.0,0.0,0.0,0.0
108505,25.97403,18.66667,true,true,true,true,false,false,false,false,1586000.0,1586000.0,1586000.0,1586000.0,0.0,0.0,0.0,0.0
108705,35.25641,16.4557,true,true,true,true,false,false,false,false,1586000.0,1586000.0,1586000.0,1586000.0,0.0,0.0,0.0,0.0
108905,22.56097,18.42105,true,true,true,true,false,false,false,false,1586000.0,1586000.0,1586000.0,1586000.0,0.0,0.0,0.0,0.0
109105,19.73684,17.53247,true,true,true,true,false,false,false,false,1586000.0,1586000.0,1586000.0,1586000.0,0.0,0.0,0.0,0.0
109305,20.77922,16.02564,true,true,true,true,false,false,false,false,1586000.0,1586000.0,1586000.0,1586000.0,0.0,0.0,0.0,0.0
109505,19.23077,17.10526,true,true,true,true,false,false,false,false,1586000.0,1586000.0,1586000.0,1586000.0,0.0,0.0,0.0,0.0
109706,31.57895,17.07317,true,true,true,true,false,false,false,false,1586000.0,1586000.0,1586000.0,1586000.0,0.0,0.0,0.0,0.0
109906,24.05063,16.04938,true,true,true,true,false,false,false,false,1586000.0,1586000.0,1586000.0,1586000.0,0.0,0.0,0.0,0.0
110106,21.08434,18.98734,true,true,true,true,false,false,false,false,1586000.0,1586000.0,1586000.0,1586000.0,0.0,0.0,0.0,0.0
110306,19.1358,18.35443,true,true,true,true,false,false,false,false,1586000.0,1586000.0,1586000.0,1586000.0,0.0,0.0,0.0,0.0
110507,30.37974,16.26506,true,true,true,true,false,false,false,false,1586000.0,1586000.0,1586000.0,1586000.0,0.0,0.0,0.0,0.0
110707,21.51899,18.98734,true,true,true,true,false,false,false,false,1586000.0,1586000.0,1586000.0,1586000.0,0.0,0.0,0.0,0.0
110907,27.21519,17.08861,true,true,true,true,false,false,false,false,1586000.0,1586000.0,1586000.0,1586000.0,0.0,0.0,0.0,0.0
111107,21.05263,17.10526,true,true,true,true,false,false,false,false,1586000.0,1586000.0,1586000.0,1586000.0,0.0,0.0,0.0,0.0
111307,21.95122,17.07317,true,true,true,true,false,false,false,false,1586000.0,1586000.0,1586000.0,1586000.0,0.0,0.0,0.0,0.0
111507,17.94872,16.46342,true,true,true,true,false,false,false,false,1586000.0,1586000.0,1586000.0,1586000.0,0.0,0.0,0.0,0.0
111707,21.95122,16.66667,true,true,true,true,false,false,false,false,1586000.0,1586000.0,1586000.0,1586000.0,0.0,0.0,0.0,0.0
111907,25.09165,15.68228,true,true,true,true,false,false,false,false,1571916.6,1571916.6,1571916.6,1571916.6,0.0,0.0,0.0,0.0
112108,32.14286,14.88095,true,true,true,true,false,false,false,false,1586000.0,1586000.0,1586000.0,1586000.0,0.0,0.0,0.0,0.0
112308,18.90244,15.2439,true,true,true,true,false,false,false,false,1586000.0,1586000.0,1586000.0,1586000.0,0.0,0.0,0.0,0.0
112509,20.77922,16.04938,true,true,true,true,false,false,false,false,1586000.0,1586000.0,1586000.0,1586000.0,0.0,0.0,0.0,0.0
112709,19.75309,19.48052,true,true,true,true,false,false,false,false,1586000.0,1586000.0,1586000.0,1586000.0,0.0,0.0,0.0,0.0
112909,18.42105,16.44737,true,true,true,true,false,false,false,false,1586000.0,1586000.0,1586000.0,1586000.0,0.0,0.0,0.0,0.0
113110,26.47059,15.29412,true,true,true,true,false,false,false,false,1586000.0,1586000.0,1586000.0,1586000.0,0.0,0.0,0.0,0.0
113310,17.72152,16.25,true,true,true,true,false,false,false,false,1586000.0,1586000.0,1586000.0,1586000.0,0.0,0.0,0.0,0.0
113510,30.0,17.30769,true,true,true,true,false,false,false,false,1586000.0,1586000.0,1586000.0,1586000.0,0.0,0.0,0.0,0.0
113711,19.8718,16.4557,true,true,true,true,false,false,false,false,1586000.0,1586000.0,1586000.0,1586000.0,0.0,0.0,0.0,0.0
113911,22.5,15.4321,true,true,true,true,false,false,false,false,1586000.0,1586000.0,1586000.0,1586000.0,0.0,0.0,0.0,0.0
114111,19.23077,16.875,true,true,true,true,false,false,false,false,1586000.0,1586000.0,1586000.0,1586000.0,0.0,0.0,0.0,0.0
114312,30.1282,16.66667,true,true,true,true,false,false,false,false,1586000.0,1586000.0,1586000.0,1586000.0,0.0,0.0,0.0,0.0
114512,20.77922,16.02564,true,true,true,true,false,false,false,false,1586000.0,1586000.0,1586000.0,1586000.0,0.0,0.0,0.0,0.0
114712,20.98765,16.88312,true,true,true,true,false,false,false,false,1586000.0,1586000.0,1586000.0,1586000.0,0.0,0.0,0.0,0.0
114912,21.15385,17.33333,true,true,true,true,false,false,false,false,1586000.0,1586000.0,1586000.0,1586000.0,0.0,0.0,0.0,0.0
115112,17.33333,17.94872,true,true,true,true,false,false,false,false,1586000.0,1586000.0,1586000.0,1586000.0,0.0,0.0,0.0,0.0
115312,17.10526,16.44737,true,true,true,true,false,false,false,false,1586000.0,1586000.0,1586000.0,1586000.0,0.0,0.0,0.0,0.0
115512,17.53247,16.88312,true,true,true,true,false,false,false,false,1586000.0,1586000.0,1586000.0,1586000.0,0.0,0.0,0.0,0.0
115712,30.95238,16.07143,true,true,true,true,false,false,false,false,1586000.0,1586000.0,1586000.0,1586000.0,0.0,0.0,0.0,0.0
115913,21.60494,16.88312,true,true,true,true,false,false,false,false,1586000.0,1586000.0,1586000.0,1586000.0,0.0,0.0,0.0,0.0
116113,22.72727,15.4321,true,true,true,true,false,false,false,false,1586000.0,1586000.0,1586000.0,1586000.0,0.0,0.0,0.0,0.0
116313,17.4574,16.81083,true,true,true,true,false,false,false,false,1558700.0,1558700.0,1558700.0,1558700.0,0.0,0.0,0.0,0.0
116513,22.07792,18.42105,true,true,true,true,false,false,false,false,1586000.0,1586000.0,1586000.0,1586000.0,0.0,0.0,0.0,0.0
116713,17.76316,16.23377,true,true,true,true,false,false,false,false,1586000.0,1586000.0,1586000.0,1586000.0,0.0,0.0,0.0,0.0
116914,27.58621,13.7931,true,true,true,true,false,false,false,false,1586000.0,1586000.0,1586000.0,1586000.0,0.0,0.0,0.0,0.0
117114,31.41025,16.66667,true,true,true,true,false,false,false,false,1586000.0,1586000.0,1586000.0,1586000.0,0.0,0.0,0.0,0.0
117315,18.42105,17.10526,true,true,true,true,false,false,false,false,1586000.0,1586000.0,1586000.0,1586000.0,0.0,0.0,0.0,0.0
117515,20.83333,16.07143,true,true,true,true,false,false,false,false,1586000.0,1586000.0,1586000.0,1586000.0,0.0,0.0,0.0,0.0
117715,19.62025,17.72152,true,true,true,true,false,false,false,false,1586000.0,1586000.0,1586000.0,1586000.0,0.0,0.0,0.0,0.0
117915,17.26938,15.99017,true,true,true,true,false,false,false,false,1541913.0,1541913.0,1541913.0,1541913.0,0.0,0.0,0.0,0.0
118115,27.43903,17.56757,true,true,true,true,false,false,false,false,1586000.0,1586000.0,1586000.0,1586000.0,0.0,0.0,0.0,0.0
118316,25.67567,14.02439,true,true,true,true,false,false,false,false,1586000.0,1586000.0,1586000.0,1586000.0,0.0,0.0,0.0,0.0
118516,18.1739,17.53247,true,true,true,true,false,false,false,false,1586000.0,1586000.0,1586000.0,1586000.0,0.0,0.0,0.0,0.0
118716,19.48052,16.92052,true,true,true,true,false,false,false,false,1570400.0,1570400.0,1570400.0,1570400.0,0.0,0.0,0.0,0.0
118916,17.30769,16.66667,true,true,true,true,false,false,false,false,1586000.0,1586000.0,1586000.0,1586000.0,0.0,0.0,0.0,0.0
119117,31.64557,17.76316,true,true,true,true,false,false,false,false,1586000.0,1586000.0,1586000.0,1586000.0,0.0,0.0,0.0,0.0
119317,21.05263,15.2439,true,true,true,true,false,false,false,false,1586000.0,1586000.0,1586000.0,1586000.0,0.0,0.0,0.0,0.0
119517,21.95122,15.82278,true,true,true,true,false,false,false,false,1586000.0,1586000.0,1586000.0,1586000.0,0.0,0.0,0.0,0.0
119717,17.30769,16.66667,true,true,true,true,false,false,false,false,1586000.0,1586000.0,1586000.0,1586000.0,0.0,0.0,0.0,0.0
119917,17.53247,16.23377,true,true,true,true,false,false,false,false,1586000.0,1586000.0,1586000.0,1586000.0,0.0,0.0,0.0,0.0
120117,20.0,15.625,true,true,true,true,false,false,false,false,1586000.0,1586000.0,1586000.0,1586000.0,0.0,0.0,0.0,0.0
120318,17.53247,16.23377,true,true,true,true,false,false,false,false,1586000.0,1586000.0,1586000.0,1586000.0,0.0,0.0,0.0,0.0
120518,21.25,16.25,true,true,true,true,false,false,false,false,1586000.0,1586000.0,1586000.0,1586000.0,0.0,0.0,0.0,0.0
120718,30.51948,16.23377,true,true,true,true,false,false,false,false,1586000.0,1586000.0,1586000.0,1586000.0,0.0,0.0,0.0,0.0
120918,22.93506,15.29004,true,true,true,true,false,false,false,false,1576250.0,1576250.0,1576250.0,1576250.0,0.0,0.0,0.0,0.0
121118,23.02632,18.42105,true,true,true,true,false,false,false,false,1586000.0,1586000.0,1586000.0,1586000.0,0.0,0.0,0.0,0.0
121318,18.35443,15.82278,true,true,true,true,false,false,false,false,1586000.0,1586000.0,1586000.0,1586000.0,0.0,0.0,0.0,0.0
121518,19.62025,16.4557,true,true,true,true,false,false,false,false,1586000.0,1586000.0,1586000.0,1586000.0,0.0,0.0,0.0,0.0
121718,18.90244,15.85366,true,true,true,true,false,false,false,false,1586000.0,1586000.0,1586000.0,1586000.0,0.0,0.0,0.0,0.0
121918,18.83117,14.45783,true,true,true,true,false,false,false,false,1586000.0,1586000.0,1586000.0,1586000.0,0.0,0.0,0.0,0.0
122118,18.75,15.2439,true,true,true,true,false,false,false,false,1586000.0,1586000.0,1586000.0,1586000.0,0.0,0.0,0.0,0.0
122319,29.87805,15.4321,true,true,true,true,false,false,false,false,1586000.0,1586000.0,1586000.0,1586000.0,0.0,0.0,0.0,0.0
122520,28.31325,16.88312,true,true,true,true,false,false,false,false,1586000.0,1586000.0,1586000.0,1586000.0,0.0,0.0,0.0,0.0
122720,19.75309,16.25,true,true,true,true,false,false,false,false,1586000.0,1586000.0,1586000.0,1586000.0,0.0,0.0,0.0,0.0
