<!--*************************************************************************-->
<!-- SCICHART® Copyright SciChart Ltd. 2011-2017. All rights reserved. -->
<!--   -->
<!-- Web: http://www.scichart.com -->
<!-- Support: support@scichart.com -->
<!-- Sales:   sales@scichart.com -->
<!--  -->
<!-- Drag_Axis_To_Scale_a_Chart.xml is part of the SCICHART® Examples. Permission is hereby granted -->
<!-- to modify, create derivative works, distribute and publish any part of this source -->
<!-- code whether for commercial, private or personal use. -->
<!--  -->
<!-- The SCICHART® examples are distributed in the hope that they will be useful, but -->
<!-- without any warranty. It is provided "AS IS" without warranty of any kind, either -->
<!-- expressed or implied. -->
<!--*************************************************************************-->

<ExampleDefinition>
    <Title>Drag axis to scale</Title>
    <IconPath>ic_zoom_feature</IconPath>
    <Description>
        Showcases how to add Axis-Drag scaling to a SciChartSurface using the YAxisDragModifier and XAxisDragModifier. ChartModifiers can be added to the SciChartSurface via the SciChartSurface.ChartModifier property, or via a ModifierGroup
    </Description>
    <CodeFiles>
        <string>res/layout/example_single_chart_fragment.xml.txt</string>
        <string>res/layout/example_drag_axis_to_scale_chart_layout_popup.xml.txt</string>
        <string>java/com/scichart/examples/fragments/DragAxisToScaleChartFragment.java.txt</string>
    </CodeFiles>
    <Features>
        <Features>Zoom</Features>
    </Features>
    <IsVisible>true</IsVisible>
</ExampleDefinition>
