<!--*************************************************************************-->
<!-- SCICHART® Copyright SciChart Ltd. 2011-2016. All rights reserved. -->
<!--   -->
<!-- Web: http://www.scichart.com -->
<!-- Support: support@scichart.com -->
<!-- Sales:   sales@scichart.com -->
<!--  -->
<!-- Stacked_Bar_Chart.xml is part of the SCICHART® Examples. Permission is hereby granted -->
<!-- to modify, create derivative works, distribute and publish any part of this source -->
<!-- code whether for commercial, private or personal use. -->
<!--  -->
<!-- The SCICHART® examples are distributed in the hope that they will be useful, but -->
<!-- without any warranty. It is provided "AS IS" without warranty of any kind, either -->
<!-- expressed or implied. -->
<!--*************************************************************************-->

<ExampleDefinition>
    <Title>Stacked Bars Chart</Title>
    <IconPath>ic_stacked_bars_feature</IconPath>
    <Description>
        Demonstrates how to create stacked bar chart. The StackedColumnRenderableSeries API can be used to render columns stacked one above another, side by side, or a Left or Right aligned Bar Chart.
    </Description>
    <CodeFiles>
        <string>res/layout/example_single_chart_fragment.xml.txt</string>
        <string>java/com/scichart/examples/fragments/StackedBarChartFragment.java.txt</string>
    </CodeFiles>
    <Features>
        <Features>MultiChart</Features>
    </Features>
    <IsVisible>true</IsVisible>
</ExampleDefinition>