<!--*************************************************************************-->
<!-- SCICHART® Copyright SciChart Ltd. 2011-2017. All rights reserved. -->
<!--   -->
<!-- Web: http://www.scichart.com -->
<!-- Support: support@scichart.com -->
<!-- Sales:   sales@scichart.com -->
<!--  -->
<!-- Multi-Pane_Stock_Charts.xml is part of the SCICHART® Examples. Permission is hereby granted -->
<!-- to modify, create derivative works, distribute and publish any part of this source -->
<!-- code whether for commercial, private or personal use. -->
<!--  -->
<!-- The SCICHART® examples are distributed in the hope that they will be useful, but -->
<!-- without any warranty. It is provided "AS IS" without warranty of any kind, either -->
<!-- expressed or implied. -->
<!--*************************************************************************-->

<ExampleDefinition>
    <Title>Multi-Pane Stock Charts</Title>
    <IconPath>ic_candles_feature</IconPath>
    <Description>
        Creates an example with static multi-pane stock chart with Indicator and Volume panes
    </Description>
    <CodeFiles>
        <string>res/layout/example_multipane_stock_charts_fragment.xml.txt</string>
        <string>java/com/scichart/examples/fragments/CreateMultiPaneStockChartsFragment.java.txt</string>
    </CodeFiles>
    <Features>
        <Features>Candlesticks</Features>
    </Features>
    <IsVisible>true</IsVisible>
</ExampleDefinition>
