<!--*************************************************************************-->
<!-- SCICHART® Copyright SciChart Ltd. 2011-2017. All rights reserved. -->
<!--   -->
<!-- Web: http://www.scichart.com -->
<!-- Support: support@scichart.com -->
<!-- Sales:   sales@scichart.com -->
<!--  -->
<!-- Custom_Tooltips_with_Modifiers.xml is part of the SCICHART® Examples. Permission is hereby granted -->
<!-- to modify, create derivative works, distribute and publish any part of this source -->
<!-- code whether for commercial, private or personal use. -->
<!--  -->
<!-- The SCICHART® examples are distributed in the hope that they will be useful, but -->
<!-- without any warranty. It is provided "AS IS" without warranty of any kind, either -->
<!-- expressed or implied. -->
<!--*************************************************************************-->

<ExampleDefinition>
    <Title>Custom Tooltips with Modifiers</Title>
    <IconPath>ic_hittest_feature</IconPath>
    <Description>
        Demonstrates how to create custom tooltips for various modifiers within SciChart
    </Description>
    <CodeFiles>
        <string>res/layout/example_custom_tooltip_with_modifiers_fragment.xml.txt</string>
        <string>java/com/scichart/examples/fragments/CustomTooltipsWithModifiersFragment.java.txt</string>
    </CodeFiles>
    <Features>
        <Features>Tooltips</Features>
    </Features>
    <IsVisible>false</IsVisible>
</ExampleDefinition>