<!--*************************************************************************-->
<!-- SCICHART® Copyright SciChart Ltd. 2011-2017. All rights reserved. -->
<!--   -->
<!-- Web: http://www.scichart.com -->
<!-- Support: support@scichart.com -->
<!-- Sales:   sales@scichart.com -->
<!--  -->
<!-- Using_TooltipModifier_Tooltips.xml is part of the SCICHART® Examples. Permission is hereby granted -->
<!-- to modify, create derivative works, distribute and publish any part of this source -->
<!-- code whether for commercial, private or personal use. -->
<!--  -->
<!-- The SCICHART® examples are distributed in the hope that they will be useful, but -->
<!-- without any warranty. It is provided "AS IS" without warranty of any kind, either -->
<!-- expressed or implied. -->
<!--*************************************************************************-->

<ExampleDefinition>
    <Title>Using TooltipModifier Tooltips</Title>
    <IconPath>ic_hittest_feature</IconPath>
    <Description>
        Demonstrates the use of the TooltipModifier, part of the ChartModifier API for getting information about Renderable Series and its displaying on tooltips.
    </Description>
    <CodeFiles>
        <string>res/layout/example_single_chart_fragment.xml.txt</string>
        <string>java/com/scichart/examples/fragments/UsingTooltipModifierTooltipsFragment.java.txt</string>
    </CodeFiles>
    <Features>
        <Features>Tooltips</Features>
    </Features>
    <IsVisible>true</IsVisible>
</ExampleDefinition>
