<!--*************************************************************************-->
<!-- SCICHART® Copyright SciChart Ltd. 2011-2017. All rights reserved. -->
<!--   -->
<!-- Web: http://www.scichart.com -->
<!-- Support: support@scichart.com -->
<!-- Sales:   sales@scichart.com -->
<!--  -->
<!-- Oscilloscope_Demo.xml is part of the SCICHART® Examples. Permission is hereby granted -->
<!-- to modify, create derivative works, distribute and publish any part of this source -->
<!-- code whether for commercial, private or personal use. -->
<!--  -->
<!-- The SCICHART® examples are distributed in the hope that they will be useful, but -->
<!-- without any warranty. It is provided "AS IS" without warranty of any kind, either -->
<!-- expressed or implied. -->
<!--*************************************************************************-->

<ExampleDefinition>
    <Description>
        The Oscilloscope Demo showcases Sorted and Unsorted Data Series in a real-time, MVVM chart, while maintaining smooth interactivity and performance in a medium sized dataset (2,000-4,000 points per series).
    </Description>
    <IconPath>ic_realtime_feature</IconPath>
    <CodeFiles>
        <string>res/layout/example_single_chart_fragment.xml.txt</string>
        <string>res/layout/example_oscilloscope_demo_popup_layout.xml.txt</string>
        <string>java/com/scichart/examples/fragments/OscilloscopeFragment.java.txt</string>
    </CodeFiles>
    <Features>
        <Features>Realtime</Features>
        <Features>Performance</Features>
    </Features>
    <IsVisible>true</IsVisible>
</ExampleDefinition>
