<!--*************************************************************************-->
<!-- SCICHART® Copyright SciChart Ltd. 2011-2016. All rights reserved. -->
<!--   -->
<!-- Web: http://www.scichart.com -->
<!-- Support: support@scichart.com -->
<!-- Sales:   sales@scichart.com -->
<!--  -->
<!-- Bubble_Chart.xml is part of the SCICHART® Examples. Permission is hereby granted -->
<!-- to modify, create derivative works, distribute and publish any part of this source -->
<!-- code whether for commercial, private or personal use. -->
<!--  -->
<!-- The SCICHART® examples are distributed in the hope that they will be useful, but -->
<!-- without any warranty. It is provided "AS IS" without warranty of any kind, either -->
<!-- expressed or implied. -->
<!--*************************************************************************-->

<ExampleDefinition>
    <Title>Bubble chart</Title>
    <IconPath>ic_bubble_feature</IconPath>
    <Description>
        Generates an Bubble-Chart in code. The FastBubbleRenderableSeries can be used to render an XyzDataSeries.
    </Description>
    <CodeFiles>
        <string>res/layout/example_single_chart_fragment.xml.txt</string>
        <string>res/layout/example_bubble_chart_popop_layout.xml.txt</string>
        <string>java/com/scichart/examples/fragments/BubbleChartFragment.java.txt</string>
    </CodeFiles>
    <Features>
        <Features>Line</Features>
    </Features>
    <IsVisible>true</IsVisible>
</ExampleDefinition>
