<!--*************************************************************************-->
<!-- SCICHART® Copyright SciChart Ltd. 2011-2017. All rights reserved. -->
<!--   -->
<!-- Web: http://www.scichart.com -->
<!-- Support: support@scichart.com -->
<!-- Sales:   sales@scichart.com -->
<!--  -->
<!-- Heatmap_Chart_with_Text.xml is part of the SCICHART® Examples. Permission is hereby granted -->
<!-- to modify, create derivative works, distribute and publish any part of this source -->
<!-- code whether for commercial, private or personal use. -->
<!--  -->
<!-- The SCICHART® examples are distributed in the hope that they will be useful, but -->
<!-- without any warranty. It is provided "AS IS" without warranty of any kind, either -->
<!-- expressed or implied. -->
<!--*************************************************************************-->

<ExampleDefinition>
    <Title>Heatmap Chart</Title>
    <IconPath>ic_heatmap_feature</IconPath>
    <Description>
        Demonstrates how to create a Heatmap with Text in the cells SciChart
    </Description>
    <CodeFiles>
        <string>res/layout/example_heatmap_with_text_fragment.xml.txt</string>
        <string>java/com/scichart/examples/fragments/HeatmapWithTextFragment.java.txt</string>
    </CodeFiles>
    <Features>
        <Features>Heatmap</Features>
    </Features>
    <IsVisible>true</IsVisible>
</ExampleDefinition>
