<!--*************************************************************************-->
<!-- SCICHART® Copyright SciChart Ltd. 2011-2017. All rights reserved. -->
<!--   -->
<!-- Web: http://www.scichart.com -->
<!-- Support: support@scichart.com -->
<!-- Sales:   sales@scichart.com -->
<!--  -->
<!-- Add_Remove_Series.xml is part of the SCICHART® Examples. Permission is hereby granted -->
<!-- to modify, create derivative works, distribute and publish any part of this source -->
<!-- code whether for commercial, private or personal use. -->
<!--  -->
<!-- The SCICHART® examples are distributed in the hope that they will be useful, but -->
<!-- without any warranty. It is provided "AS IS" without warranty of any kind, either -->
<!-- expressed or implied. -->
<!--*************************************************************************-->

<ExampleDefinition>
    <Title>Add/remove renderable series</Title>
    <IconPath>ic_lines_feature</IconPath>
    <Description>
        Generates a simple add/remove points chart.
    </Description>
    <CodeFiles>
        <string>res/layout/example_add_remove_series_fragment.xml.txt</string>
        <string>java/com/scichart/examples/fragments/AddRemoveSeriesFragment.java.txt</string>
    </CodeFiles>
    <Features>
        <Features>Line</Features>
    </Features>
    <IsVisible>true</IsVisible>
</ExampleDefinition>
