<!--*************************************************************************-->
<!-- SCICHART® Copyright SciChart Ltd. 2011-2017. All rights reserved. -->
<!--   -->
<!-- Web: http://www.scichart.com -->
<!-- Support: support@scichart.com -->
<!-- Sales:   sales@scichart.com -->
<!--  -->
<!-- Logarithmic_Axis.xml is part of the SCICHART® Examples. Permission is hereby granted -->
<!-- to modify, create derivative works, distribute and publish any part of this source -->
<!-- code whether for commercial, private or personal use. -->
<!--  -->
<!-- The SCICHART® examples are distributed in the hope that they will be useful, but -->
<!-- without any warranty. It is provided "AS IS" without warranty of any kind, either -->
<!-- expressed or implied. -->
<!--*************************************************************************-->

<ExampleDefinition>
    <Title>Logarithmic Axis</Title>
    <IconPath>ic_modify_axes_feature</IconPath>
    <Description>
        This example demonstrates X or Y logarithmic axis in SciChart. Click the controls in the toolbar to change state. Y-Axis and X-Axis set the respective axes to logarithmic or linear.
    </Description>
    <CodeFiles>
        <string>res/layout/example_single_chart_fragment.xml.txt</string>
        <string>res/layout/example_log_axis_popup_layout.xml.txt</string>
        <string>java/com/scichart/examples/fragments/LogarithmicAxisFragment.java.txt</string>
    </CodeFiles>
    <Features>
        <Features>LogarithmicAxis</Features>
    </Features>
    <IsVisible>true</IsVisible>
</ExampleDefinition>
