<!--*************************************************************************-->
<!-- SCICHART® Copyright SciChart Ltd. 2011-2017. All rights reserved. -->
<!--   -->
<!-- Web: http://www.scichart.com -->
<!-- Support: support@scichart.com -->
<!-- Sales:   sales@scichart.com -->
<!--  -->
<!-- Quad_Left_Right_Y_Axes.xml is part of the SCICHART® Examples. Permission is hereby granted -->
<!-- to modify, create derivative works, distribute and publish any part of this source -->
<!-- code whether for commercial, private or personal use. -->
<!--  -->
<!-- The SCICHART® examples are distributed in the hope that they will be useful, but -->
<!-- without any warranty. It is provided "AS IS" without warranty of any kind, either -->
<!-- expressed or implied. -->
<!--*************************************************************************-->

<ExampleDefinition>
    <Title>Quad Left/Right Y-Axes</Title>
    <IconPath>ic_modify_axes_feature</IconPath>
    <Description>
        Demonstrates a chart with multiple axes.
    </Description>
    <CodeFiles>
        <string>res/layout/example_single_chart_fragment.xml.txt</string>
        <string>java/com/scichart/examples/fragments/QuadLeftRightYAxesFragment.java.txt</string>
    </CodeFiles>
    <Features>
        <Features>MultipleAxis</Features>
    </Features>
    <IsVisible>false</IsVisible>
</ExampleDefinition>
