<!--*************************************************************************-->
<!-- SCICHART® Copyright SciChart Ltd. 2011-2017. All rights reserved. -->
<!--   -->
<!-- Web: http://www.scichart.com -->
<!-- Support: support@scichart.com -->
<!-- Sales:   sales@scichart.com -->
<!--  -->
<!-- ShiftedAxes.xml is part of the SCICHART® Examples. Permission is hereby granted -->
<!-- to modify, create derivative works, distribute and publish any part of this source -->
<!-- code whether for commercial, private or personal use. -->
<!--  -->
<!-- The SCICHART® examples are distributed in the hope that they will be useful, but -->
<!-- without any warranty. It is provided "AS IS" without warranty of any kind, either -->
<!-- expressed or implied. -->
<!--*************************************************************************-->

<ExampleDefinition>
    <Title>Central XAxis and YAxis</Title>
    <IconPath>ic_modify_axes_feature</IconPath>
    <Description>
        Demonstrates how to place X and Y Axes at the Center of the SciChartSurface.
    </Description>
    <CodeFiles>
        <string>res/layout/example_single_chart_fragment.xml.txt</string>
        <string>java/com/scichart/examples/fragments/ShiftedAxesFragment.java.txt</string>
    </CodeFiles>
    <Features>
        <Features>Axis</Features>
    </Features>
    <IsVisible>true</IsVisible>
</ExampleDefinition>
