<!--*************************************************************************-->
<!-- SCICHART® Copyright SciChart Ltd. 2011-2017. All rights reserved. -->
<!--   -->
<!-- Web: http://www.scichart.com -->
<!-- Support: support@scichart.com -->
<!-- Sales:   sales@scichart.com -->
<!--  -->
<!-- Eeg_Channel.xml is part of the SCICHART® Examples. Permission is hereby granted -->
<!-- to modify, create derivative works, distribute and publish any part of this source -->
<!-- code whether for commercial, private or personal use. -->
<!--  -->
<!-- The SCICHART® examples are distributed in the hope that they will be useful, but -->
<!-- without any warranty. It is provided "AS IS" without warranty of any kind, either -->
<!-- expressed or implied. -->
<!--*************************************************************************-->

<ExampleDefinition>
    <Title>16-Channel EEG</Title>
    <IconPath>ic_realtime_feature</IconPath>
    <Description>
        This examples showcases the performance of SciChart when rendering a real-time FIFO chart on 16 SciChartSurface instances at the same time.
    </Description>
    <CodeFiles>
        <string>res/layout/example_eeg_channels_fragment.xml.txt</string>
        <string>res/layout/example_eeg_channel_view.xml.txt</string>
        <string>java/com/scichart/examples/fragments/EegChannelsFragment.java.txt</string>
    </CodeFiles>
    <Features>
        <Features>Realtime</Features>
        <Features>Performance</Features>
    </Features>
    <IsVisible>false</IsVisible>
</ExampleDefinition>
