<!--*************************************************************************-->
<!-- SCICHART® Copyright SciChart Ltd. 2011-2017. All rights reserved. -->
<!--   -->
<!-- Web: http://www.scichart.com -->
<!-- Support: support@scichart.com -->
<!-- Sales:   sales@scichart.com -->
<!--  -->
<!-- FIFO_Scrolling_Charts.xml is part of the SCICHART® Examples. Permission is hereby granted -->
<!-- to modify, create derivative works, distribute and publish any part of this source -->
<!-- code whether for commercial, private or personal use. -->
<!--  -->
<!-- The SCICHART® examples are distributed in the hope that they will be useful, but -->
<!-- without any warranty. It is provided "AS IS" without warranty of any kind, either -->
<!-- expressed or implied. -->
<!--*************************************************************************-->

<ExampleDefinition>
    <IconPath>ic_realtime_feature</IconPath>
    <Description>
        Demonstrates the difference between FIFO and standard DataSeries. A FIFO series discards old data-points once a predefined number of points is met.
    </Description>
    <CodeFiles>
        <string>res/layout/example_single_chart_fragment.xml.txt</string>
        <string>java/com/scichart/examples/fragments/FifoChartsFragment.java.txt</string>
    </CodeFiles>
    <Features>
        <Features>Realtime</Features>
        <Features>Performance</Features>
        <Features>FIFO</Features>
        <Features>Scrolling</Features>
    </Features>
    <IsVisible>true</IsVisible>
</ExampleDefinition>
